No.	TOKEN	NE-TAG	NE-EMB	ID	url_id	left	right	top	bottom	conf
# http://empty
0	1907	O	O	-	0	138	220	376	412
1	Votum	O	O	-	0	104	641	443	479
2	fällen	O	O	-	0	104	641	443	479
3	sollte	O	O	-	0	104	641	443	479
4	,	O	O	-	0	104	641	443	479
5	war	O	O	-	0	104	641	443	479
6	recht	O	O	-	0	104	641	443	479
7	sonderbar	O	O	-	0	104	641	443	479
8	.	O	O	-	0	104	641	443	479
0	Alles	O	O	-	0	104	641	443	479
1	,	O	O	-	0	104	641	443	479
2	was	O	O	-	0	104	641	468	502
3	an	O	O	-	0	104	641	468	502
4	Afrika	B-LOC	O	-	0	104	641	468	502
5	erinnerte	O	O	-	0	104	641	468	502
6	,	O	O	-	0	104	641	468	502
7	war	O	O	-	0	104	641	468	502
8	aus	O	O	-	0	104	641	468	502
9	diesem	O	O	-	0	104	641	468	502
10	Tribunal	O	O	-	0	104	641	468	502
11	sorgfältig	O	O	-	0	104	641	492	526
12	verbannt	O	O	-	0	104	641	492	526
13	.	O	O	-	0	104	641	492	526
0	Man	O	O	-	0	104	641	492	526
1	machte	O	O	-	0	104	641	492	526
2	Dr	O	O	-	0	104	641	492	526
3	.	O	O	-	0	104	641	492	526
4	Peters	B-PER	O	-	0	104	641	492	526
5	den	O	O	-	0	104	644	514	549
6	Vorwurf	O	O	-	0	104	644	514	549
7	,	O	O	-	0	104	644	514	549
8	er	O	O	-	0	104	644	514	549
9	habe	O	O	-	0	104	644	514	549
10	nicht	O	O	-	0	104	644	514	549
11	alle	O	O	-	0	104	644	514	549
12	Europäer	B-LOC	O	-	0	104	644	514	549
13	zur	O	O	-	0	104	644	514	549
14	Urteilsfällung	O	O	-	0	104	641	538	573
15	zugezogen	O	O	-	0	104	641	538	573
16	.	O	O	-	0	104	641	538	573
0	Wie	O	O	-	0	104	641	538	573
1	sollte	O	O	-	0	104	641	538	573
2	aber	O	O	-	0	104	641	538	573
3	z	O	O	-	0	104	641	538	573
4	.	O	O	-	0	104	641	538	573
5	B	O	O	-	0	104	641	538	573
6	.	O	O	-	0	104	641	538	573
7	Herr	O	O	-	0	104	644	561	597
8	Kuhnert	B-PER	O	-	0	104	644	561	597
9	dazu	O	O	-	0	104	644	561	597
10	kommen	O	O	-	0	104	644	561	597
11	,	O	O	-	0	104	644	561	597
12	plötzlich	O	O	-	0	104	644	561	597
13	das	O	O	-	0	104	644	561	597
14	Amt	O	O	-	0	105	644	585	617
15	des	O	O	-	0	105	644	585	617
16	Richters	O	O	-	0	105	644	585	617
17	auszuüben	O	O	-	0	105	644	585	617
18	,	O	O	-	0	105	644	585	617
19	er	O	O	-	0	105	644	585	617
20	,	O	O	-	0	105	644	585	617
21	der	O	O	-	0	105	644	585	617
22	nur	O	O	-	0	105	644	585	617
23	als	O	O	-	0	105	644	585	617
24	Cast	O	O	-	0	105	644	606	640
25	auf	O	O	-	0	105	644	606	640
26	der	O	O	-	0	105	644	606	640
27	Station	O	O	-	0	105	644	606	640
28	weilte	O	O	-	0	105	644	606	640
29	?	O	O	-	0	105	644	606	640
0	Wo	O	O	-	0	105	644	606	640
1	liegt	O	O	-	0	105	644	606	640
2	weiter	O	O	-	0	105	644	606	640
3	die	O	O	-	0	105	644	629	664
4	Heimlichtuerei	O	O	-	0	105	644	629	664
5	,	O	O	-	0	105	644	629	664
6	wenn	O	O	-	0	105	644	629	664
7	die	O	O	-	0	105	644	629	664
8	Leichen	O	O	-	0	105	644	629	664
9	den	O	O	-	0	105	644	629	664
10	ganzen	O	O	-	0	105	644	629	664
11	Tag	O	O	-	0	105	644	653	686
12	hindurch	O	O	-	0	105	644	653	686
13	als	O	O	-	0	105	644	653	686
14	abschreckendes	O	O	-	0	105	644	653	686
15	Beispiel	O	O	-	0	105	644	653	686
16	am	O	O	-	0	105	644	653	686
17	Galgen	O	O	-	0	104	644	676	712
18	hängen	O	O	-	0	104	644	676	712
19	blieben	O	O	-	0	104	644	676	712
20	?	O	O	-	0	104	644	676	712
0	Herr	O	O	-	0	104	644	676	712
1	v	O	O	-	0	104	644	676	712
2	.	O	O	-	0	104	644	676	712
3	Bronsart	B-PER	O	-	0	104	644	676	712
4	dupierte	O	O	-	0	104	644	676	712
5	die	O	O	-	0	104	644	699	734
6	Richter	O	O	-	0	104	644	699	734
7	mit	O	O	-	0	104	644	699	734
8	doppelzüngigen	O	O	-	0	104	644	699	734
9	Berichten	O	O	-	0	104	644	699	734
10	.	O	O	-	0	104	644	699	734
0	Man	O	O	-	0	104	644	699	734
1	begnügte	O	O	-	0	104	644	720	757
2	sich	O	O	-	0	104	644	720	757
3	damit	O	O	-	0	104	644	720	757
4	,	O	O	-	0	104	644	720	757
5	das	O	O	-	0	104	644	720	757
6	Ungünstigste	O	O	-	0	104	644	720	757
7	aus	O	O	-	0	104	644	720	757
8	diesen	O	O	-	0	104	644	720	757
9	Berichten	O	O	-	0	104	641	744	778
10	als	O	O	-	0	104	641	744	778
11	wahr	O	O	-	0	104	641	744	778
12	zu	O	O	-	0	104	641	744	778
13	unterstellen	O	O	-	0	104	641	744	778
14	.	O	O	-	0	104	641	744	778
0	So	O	O	-	0	104	641	744	778
1	entstan	O	O	-	0	104	641	744	778
2	-	O	O	-	0	104	641	744	778
3	den	O	O	-	0	105	641	767	801
4	die	O	O	-	0	105	641	767	801
5	beiden	O	O	-	0	105	641	767	801
6	Urteile	O	O	-	0	105	641	767	801
7	.	O	O	-	0	105	641	767	801
0	Aber	O	O	-	0	105	641	767	801
1	selbst	O	O	-	0	105	641	767	801
2	diese	O	O	-	0	105	641	767	801
3	Urteile	O	O	-	0	105	641	767	801
4	,	O	O	-	0	105	641	767	801
5	die	O	O	-	0	105	641	791	825
6	auf	O	O	-	0	105	641	791	825
7	ganz	O	O	-	0	105	641	791	825
8	fatschen	O	O	-	0	105	641	791	825
9	Voraussetzungen	O	O	-	0	105	641	791	825
10	aufgebaut	O	O	-	0	105	641	791	825
11	,	O	O	-	0	105	641	791	825
12	ein	O	O	-	0	105	641	815	848
13	Meisterstück	O	O	-	0	105	641	815	848
14	juristischer	O	O	-	0	105	641	815	848
15	Klügelei	O	O	-	0	105	641	815	848
16	sind	O	O	-	0	105	644	837	871
17	,	O	O	-	0	105	644	837	871
18	treffen	O	O	-	0	105	644	837	871
19	durchaus	O	O	-	0	105	644	837	871
20	keine	O	O	-	0	105	644	837	871
21	Feststellungen	O	O	-	0	105	644	837	871
22	im	O	O	-	0	105	644	837	871
23	Sinne	O	O	-	0	104	641	860	893
24	der	O	O	-	0	104	641	860	893
25	„	O	O	-	0	104	641	860	893
26	Münchener	B-ORG	O	-	0	104	641	860	893
27	Post	I-ORG	O	-	0	104	641	860	893
28	“	O	O	-	0	104	641	860	893
29	.	O	O	-	0	104	641	860	893
0	Deren	O	O	-	0	104	641	860	893
1	Behaup	O	O	-	0	104	641	860	893
2	-	O	O	-	0	104	641	860	893
3	tungen	O	O	-	0	105	641	884	919
4	sind	O	O	-	0	105	641	884	919
5	unwahr	O	O	-	0	105	641	884	919
6	und	O	O	-	0	105	641	884	919
7	bleiben	O	O	-	0	105	641	884	919
8	unwahr	O	O	-	0	105	641	884	919
9	,	O	O	-	0	105	641	884	919
10	selbst	O	O	-	0	105	641	884	919
11	wenn	O	O	-	0	105	644	906	940
12	die	O	O	-	0	105	644	906	940
13	Urteile	O	O	-	0	105	644	906	940
14	richtig	O	O	-	0	105	644	906	940
15	wären	O	O	-	0	105	644	906	940
16	.	O	O	-	0	105	644	906	940
0	Die	O	O	-	0	105	644	906	940
1	absolute	O	O	-	0	105	644	906	940
2	Wertlosigkeit	O	O	-	0	105	644	929	964
3	der	O	O	-	0	105	644	929	964
4	Urteile	O	O	-	0	105	644	929	964
5	wird	O	O	-	0	105	644	929	964
6	aber	O	O	-	0	105	644	929	964
7	vollkommen	O	O	-	0	105	644	929	964
8	klar	O	O	-	0	105	644	952	989
9	,	O	O	-	0	105	644	952	989
10	wenn	O	O	-	0	105	644	952	989
11	der	O	O	-	0	105	644	952	989
12	wahre	O	O	-	0	105	644	952	989
13	Sachverhalt	O	O	-	0	105	644	952	989
14	lestgestellt	O	O	-	0	105	644	952	989
15	wird	O	O	-	0	105	171	978	1007
16	.	O	O	-	0	105	171	978	1007
0	Alle	O	O	-	0	130	641	998	1035
1	Beheuptungen	O	O	-	0	130	641	998	1035
2	gegen	O	O	-	0	130	641	998	1035
3	Dr	O	O	-	0	130	641	998	1035
4	.	O	O	-	0	130	641	998	1035
5	Peters	B-PER	O	-	0	130	641	998	1035
6	zer	O	O	-	0	130	641	998	1035
7	-	O	O	-	0	130	641	998	1035
8	fallen	O	O	-	0	105	644	1022	1058
9	in	O	O	-	0	105	644	1022	1058
10	ein	O	O	-	0	105	644	1022	1058
11	völliges	O	O	-	0	105	644	1022	1058
12	Nichts	O	O	-	0	105	644	1022	1058
13	.	O	O	-	0	105	644	1022	1058
0	Was	O	O	-	0	105	644	1022	1058
1	er	O	O	-	0	105	644	1022	1058
2	getan	O	O	-	0	105	644	1022	1058
3	,	O	O	-	0	105	644	1022	1058
4	tat	O	O	-	0	106	644	1044	1079
5	er	O	O	-	0	106	644	1044	1079
6	im	O	O	-	0	106	644	1044	1079
7	Interesse	O	O	-	0	106	644	1044	1079
8	der	O	O	-	0	106	644	1044	1079
9	Station	O	O	-	0	106	644	1044	1079
10	,	O	O	-	0	106	644	1044	1079
11	um	O	O	-	0	106	644	1044	1079
12	das	O	O	-	0	106	644	1044	1079
13	Leben	O	O	-	0	106	644	1068	1102
14	der	O	O	-	0	106	644	1068	1102
15	ihm	O	O	-	0	106	644	1068	1102
16	anvertrauten	O	O	-	0	106	644	1068	1102
17	Leute	O	O	-	0	106	644	1068	1102
18	zu	O	O	-	0	106	644	1068	1102
19	schützen	O	O	-	0	106	644	1068	1102
20	.	O	O	-	0	106	644	1068	1102
0	Geschlechtliche	O	O	-	0	106	644	1091	1127
1	Motive	O	O	-	0	106	644	1091	1127
2	lagen	O	O	-	0	106	644	1091	1127
3	ihm	O	O	-	0	106	644	1091	1127
4	völlig	O	O	-	0	106	644	1091	1127
5	fern	O	O	-	0	106	644	1091	1127
6	.	O	O	-	0	106	644	1091	1127
7	und	O	O	-	0	106	644	1115	1148
8	selbst	O	O	-	0	106	644	1115	1148
9	wenn	O	O	-	0	106	644	1115	1148
10	Herr	O	O	-	0	106	644	1115	1148
11	von	B-PER	O	-	0	106	644	1115	1148
12	Bronsart	I-PER	O	-	0	106	644	1115	1148
13	die	O	O	-	0	106	644	1115	1148
14	Wahrheit	O	O	-	0	106	644	1138	1173
15	gesagt	O	O	-	0	106	644	1138	1173
16	hatte	O	O	-	0	106	644	1138	1173
17	.	O	O	-	0	106	644	1138	1173
18	so	O	O	-	0	106	644	1138	1173
19	wäre	O	O	-	0	106	644	1138	1173
20	gegen	O	O	-	0	106	644	1138	1173
21	Dr	O	O	-	0	106	644	1138	1173
22	.	O	O	-	0	106	644	1138	1173
23	Peters	B-PER	O	-	0	106	644	1138	1173
24	noch	O	O	-	0	106	644	1162	1195
25	lange	O	O	-	0	106	644	1162	1195
26	nichts	O	O	-	0	106	644	1162	1195
27	bewiesen	O	O	-	0	106	644	1162	1195
28	.	O	O	-	0	106	644	1162	1195
0	Höchstens	O	O	-	0	106	644	1162	1195
1	wäre	O	O	-	0	106	644	1162	1195
2	festgestellt	O	O	-	0	106	644	1185	1217
3	,	O	O	-	0	106	644	1185	1217
4	dass	O	O	-	0	106	644	1185	1217
5	Dr	O	O	-	0	106	644	1185	1217
6	.	O	O	-	0	106	644	1185	1217
7	Peters	B-PER	O	-	0	106	644	1185	1217
8	auch	O	O	-	0	106	644	1185	1217
9	einmal	O	O	-	0	106	644	1185	1217
10	renom	O	O	-	0	106	644	1185	1217
11	-	O	O	-	0	106	644	1185	1217
12	miert	O	O	-	0	106	644	1208	1240
13	hat	O	O	-	0	106	644	1208	1240
14	,	O	O	-	0	106	644	1208	1240
15	aber	O	O	-	0	106	644	1208	1240
16	niemals	O	O	-	0	106	644	1208	1240
17	,	O	O	-	0	106	644	1208	1240
18	dass	O	O	-	0	106	644	1208	1240
19	er	O	O	-	0	106	644	1208	1240
20	etwas	O	O	-	0	106	644	1208	1240
21	unrechtes	O	O	-	0	106	644	1208	1240
22	getan	O	O	-	0	106	644	1230	1265
23	hat	O	O	-	0	106	644	1230	1265
24	.	O	O	-	0	106	644	1230	1265
0	Ein	O	O	-	0	106	644	1230	1265
1	Sinnspruch	O	O	-	0	106	644	1230	1265
2	sagt	O	O	-	0	106	644	1230	1265
3	,	O	O	-	0	106	644	1230	1265
4	dass	O	O	-	0	106	644	1230	1265
5	jeder	O	O	-	0	106	644	1230	1265
6	etwas	O	O	-	0	106	644	1230	1265
7	in	O	O	-	0	106	644	1253	1287
8	seiner	O	O	-	0	106	644	1253	1287
9	Natur	O	O	-	0	106	644	1253	1287
10	hat	O	O	-	0	106	644	1253	1287
11	,	O	O	-	0	106	644	1253	1287
12	dass	O	O	-	0	106	644	1253	1287
13	er	O	O	-	0	106	644	1253	1287
14	auch	O	O	-	0	106	644	1253	1287
15	einmal	O	O	-	0	106	644	1253	1287
16	etwas	O	O	-	0	106	644	1253	1287
17	ausspricht	O	O	-	0	106	644	1276	1310
18	,	O	O	-	0	106	644	1276	1310
19	was	O	O	-	0	106	644	1276	1310
20	mit	O	O	-	0	106	644	1276	1310
21	der	O	O	-	0	106	644	1276	1310
22	Wahrheit	O	O	-	0	106	644	1276	1310
23	nicht	O	O	-	0	106	644	1276	1310
24	überein	O	O	-	0	106	644	1276	1310
25	-	O	O	-	0	106	644	1276	1310
26	stimmt	O	O	-	0	106	644	1300	1334
27	.	O	O	-	0	106	644	1300	1334
0	Das	O	O	-	0	106	644	1300	1334
1	gilt	O	O	-	0	106	644	1300	1334
2	ja	O	O	-	0	106	644	1300	1334
3	auch	O	O	-	0	106	644	1300	1334
4	von	O	O	-	0	106	644	1300	1334
5	Herrn	O	O	-	0	106	644	1300	1334
6	Martin	B-PER	O	-	0	106	644	1300	1334
7	Gruber	I-PER	O	-	0	106	350	1323	1354
8	.	O	O	-	0	106	350	1323	1354
0	(	O	O	-	0	106	350	1323	1354
1	Heiterkeit	O	O	-	0	106	350	1323	1354
2	.	O	O	-	0	106	350	1323	1354
3	)	O	O	-	0	106	350	1323	1354
0	Hier	O	O	-	0	130	644	1345	1379
1	unterbricht	O	O	-	0	130	644	1345	1379
2	um	O	O	-	0	130	644	1345	1379
3	112	O	O	-	0	130	644	1345	1379
4	Uhr	O	O	-	0	130	644	1345	1379
5	R	B-PER	O	-	0	130	644	1345	1379
6	.	O	O	-	0	130	644	1345	1379
7	-	O	O	-	0	130	644	1345	1379
8	A	O	O	-	0	130	644	1345	1379
9	.	O	O	-	0	130	644	1345	1379
10	D	O	O	-	0	130	644	1345	1379
11	.	O	O	-	0	130	644	1345	1379
12	Rosen	B-PER	O	-	0	130	644	1345	1379
13	-	O	O	-	0	130	644	1345	1379
14	thal	O	O	-	0	106	644	1366	1406
15	sein	O	O	-	0	106	644	1366	1406
16	Playdoier	O	O	-	0	106	644	1366	1406
17	,	O	O	-	0	106	644	1366	1406
18	worauf	O	O	-	0	106	644	1366	1406
19	die	O	O	-	0	106	644	1366	1406
20	Mittagspause	O	O	-	0	106	644	1366	1406
21	eintritt	O	O	-	0	107	196	1391	1425
22	.	O	O	-	0	107	196	1391	1425
0	Gerichtssaal	O	O	-	0	262	489	1481	1533
1	.	O	O	-	0	262	489	1481	1533
0	Der	O	O	-	0	188	250	1526	1559
1	abenteuerliche	O	O	-	0	266	644	1529	1561
2	Expressungs	O	O	-	0	266	644	1529	1561
3	-	O	O	-	0	266	644	1529	1561
4	undl	O	O	-	0	107	644	1547	1583
5	Mordversuch	O	O	-	0	107	644	1547	1583
6	des	O	O	-	0	107	644	1547	1583
7	18	O	O	-	0	107	644	1547	1583
8	Jahre	O	O	-	0	107	644	1547	1583
9	alten	O	O	-	0	107	644	1547	1583
10	Ar	O	O	-	0	107	644	1547	1583
11	-	O	O	-	0	107	644	1547	1583
12	beiters	O	O	-	0	106	646	1572	1607
13	Emil	B-PER	O	-	0	106	646	1572	1607
14	Buhse	I-PER	O	-	0	106	646	1572	1607
15	gelangte	O	O	-	0	106	646	1572	1607
16	zur	O	O	-	0	106	646	1572	1607
17	Vorhandlung	O	O	-	0	106	646	1572	1607
18	vor	O	O	-	0	106	646	1572	1607
19	dem	O	O	-	0	106	646	1596	1631
20	Schwurgericht	O	O	-	0	106	646	1596	1631
21	des	O	O	-	0	106	646	1596	1631
22	Landgerichts	O	O	-	0	106	646	1596	1631
23	I	O	O	-	0	106	646	1596	1631
24	.	O	O	-	0	106	646	1596	1631
25	Den	O	O	-	0	106	646	1596	1631
26	Vor	O	O	-	0	106	646	1596	1631
27	-	O	O	-	0	106	646	1596	1631
28	sitz	O	O	-	0	106	646	1620	1653
29	führt	O	O	-	0	106	646	1620	1653
30	Landger	O	O	-	0	106	646	1620	1653
31	.	O	O	-	0	106	646	1620	1653
32	-	O	O	-	0	106	646	1620	1653
33	Rat	O	O	-	0	106	646	1620	1653
34	Boese	B-PER	O	-	0	106	646	1620	1653
35	,	O	O	-	0	106	646	1620	1653
36	die	O	O	-	0	106	646	1620	1653
37	Anklage	O	O	-	0	106	646	1620	1653
38	ver	O	O	-	0	106	646	1620	1653
39	-	O	O	-	0	106	646	1620	1653
40	tritt	O	O	-	0	106	646	1642	1677
41	Staatsanwalt	O	O	-	0	106	646	1642	1677
42	Dr	O	O	-	0	106	646	1642	1677
43	.	O	O	-	0	106	646	1642	1677
44	Klehr	B-PER	O	-	0	106	646	1642	1677
45	,	O	O	-	0	106	646	1642	1677
46	der	O	O	-	0	106	646	1642	1677
47	Angeklagte	O	O	-	0	106	646	1642	1677
48	wird	O	O	-	0	106	646	1642	1677
49	von	O	O	-	0	107	646	1666	1700
50	dem	O	O	-	0	107	646	1666	1700
51	Rechtsanwalt	O	O	-	0	107	646	1666	1700
52	Dr	O	O	-	0	107	646	1666	1700
53	.	O	O	-	0	107	646	1666	1700
54	Karl	B-PER	O	-	0	107	646	1666	1700
55	Loewenthal	I-PER	O	-	0	107	646	1666	1700
56	und	O	O	-	0	107	646	1689	1724
57	Dr	O	O	-	0	107	646	1689	1724
58	.	O	O	-	0	107	646	1689	1724
59	Werthauer	B-PER	O	-	0	107	646	1689	1724
60	verteidigt	O	O	-	0	107	646	1689	1724
61	.	O	O	-	0	107	646	1689	1724
0	Der	O	O	-	0	107	646	1689	1724
1	Ange	O	O	-	0	107	646	1689	1724
2	-	O	O	-	0	107	646	1689	1724
3	geklagte	O	O	-	0	107	646	1712	1745
4	,	O	O	-	0	107	646	1712	1745
5	der	O	O	-	0	107	646	1712	1745
6	durch	O	O	-	0	107	646	1712	1745
7	Detektiv	O	O	-	0	107	646	1712	1745
8	-	O	O	-	0	107	646	1712	1745
9	Romane	O	O	-	0	107	646	1712	1745
10	und	O	O	-	0	107	646	1712	1745
11	nervenkitzelnde	O	O	-	0	107	646	1734	1768
12	Theaterstücke	O	O	-	0	107	646	1734	1768
13	in	O	O	-	0	107	646	1734	1768
14	eine	O	O	-	0	107	646	1734	1768
15	Schwär	O	O	-	0	107	646	1734	1768
16	-	O	O	-	0	107	646	1734	1768
17	merei	O	O	-	0	108	646	1758	1792
18	für	O	O	-	0	108	646	1758	1792
19	Räuberromantik	O	O	-	0	108	646	1758	1792
20	versetzt	O	O	-	0	108	646	1758	1792
21	worden	O	O	-	0	108	646	1758	1792
22	sein	O	O	-	0	108	646	1758	1792
23	soll	O	O	-	0	107	646	1781	1816
24	,	O	O	-	0	107	646	1781	1816
25	macht	O	O	-	0	107	646	1781	1816
26	einen	O	O	-	0	107	646	1781	1816
27	noch	O	O	-	0	107	646	1781	1816
28	ganz	O	O	-	0	107	646	1781	1816
29	knabenhaften	O	O	-	0	107	646	1781	1816
30	Ein	O	O	-	0	107	646	1781	1816
31	-	O	O	-	0	107	646	1781	1816
32	druck	O	O	-	0	107	646	1805	1839
33	.	O	O	-	0	107	646	1805	1839
0	Er	O	O	-	0	107	646	1805	1839
1	steht	O	O	-	0	107	646	1805	1839
2	unter	O	O	-	0	107	646	1805	1839
3	der	O	O	-	0	107	646	1805	1839
4	Anklage	O	O	-	0	107	646	1805	1839
5	der	O	O	-	0	107	646	1805	1839
6	ver	O	O	-	0	107	646	1805	1839
7	-	O	O	-	0	107	646	1805	1839
8	suchten	O	O	-	0	108	646	1828	1862
9	räuberischen	O	O	-	0	108	646	1828	1862
10	Erpressung	O	O	-	0	108	646	1828	1862
11	,	O	O	-	0	108	646	1828	1862
12	des	O	O	-	0	108	646	1828	1862
13	versuchten	O	O	-	0	108	646	1828	1862
14	Mordes	O	O	-	0	108	646	1851	1887
15	und	O	O	-	0	108	646	1851	1887
16	der	O	O	-	0	108	646	1851	1887
17	vorsätzlichen	O	O	-	0	108	646	1851	1887
18	Körperverletzung	O	O	-	0	108	646	1851	1887
19	mittels	O	O	-	0	107	461	1875	1906
20	gefährlichen	O	O	-	0	107	461	1875	1906
21	Werkzeugs	O	O	-	0	107	461	1875	1906
22	.	O	O	-	0	107	461	1875	1906
0	Buhse	B-PER	O	-	0	132	646	1897	1931
1	war	O	O	-	0	132	646	1897	1931
2	als	O	O	-	0	132	646	1897	1931
3	Wagenwäscher	O	O	-	0	132	646	1897	1931
4	auf	O	O	-	0	132	646	1897	1931
5	dem	O	O	-	0	132	646	1897	1931
6	Schle	B-LOC	O	-	0	132	646	1897	1931
7	-	O	O	-	0	132	646	1897	1931
8	sischen	O	O	-	0	108	646	1920	1954
9	Bahnhof	O	O	-	0	108	646	1920	1954
10	und	O	O	-	0	108	646	1920	1954
11	zuletzt	O	O	-	0	108	646	1920	1954
12	auf	O	O	-	0	108	646	1920	1954
13	der	O	O	-	0	108	646	1920	1954
14	Station	O	O	-	0	108	646	1920	1954
15	Eich	B-LOC	O	-	0	108	646	1920	1954
16	-	O	O	-	0	108	646	1920	1954
17	kampf	O	O	-	0	108	646	1944	1978
18	beschäftigt	O	O	-	0	108	646	1944	1978
19	.	O	O	-	0	108	646	1944	1978
0	Er	O	O	-	0	108	646	1944	1978
1	ist	O	O	-	0	108	646	1944	1978
2	,	O	O	-	0	108	646	1944	1978
3	wie	O	O	-	0	108	646	1944	1978
4	erinnerlich	O	O	-	0	108	646	1944	1978
5	sein	O	O	-	0	108	646	1944	1978
6	wird	O	O	-	0	108	646	1967	2000
7	,	O	O	-	0	108	646	1967	2000
8	am	O	O	-	0	108	646	1967	2000
9	11	O	O	-	0	108	646	1967	2000
10	.	O	O	-	0	108	646	1967	2000
11	Juni	O	O	-	0	108	646	1967	2000
12	d	O	O	-	0	108	646	1967	2000
13	.	O	O	-	0	108	646	1967	2000
14	J	O	O	-	0	108	646	1967	2000
15	.	O	O	-	0	108	646	1967	2000
16	von	O	O	-	0	108	646	1967	2000
17	der	O	O	-	0	108	646	1967	2000
18	.	O	O	-	0	108	646	1967	2000
0	Strafkammer	O	O	-	0	108	646	1967	2000
1	des	O	O	-	0	108	646	1991	2025
2	Landgerichts	O	O	-	0	108	646	1991	2025
3	Il	O	O	-	0	108	646	1991	2025
4	wegen	O	O	-	0	108	646	1991	2025
5	eines	O	O	-	0	108	646	1991	2025
6	dreisten	O	O	-	0	108	646	1991	2025
7	Ein	O	O	-	0	108	646	1991	2025
8	-	O	O	-	0	108	646	1991	2025
9	bruchdiebstahls	O	O	-	0	107	649	2013	2047
10	bei	O	O	-	0	107	649	2013	2047
11	dem	O	O	-	0	107	649	2013	2047
12	Eisenwarenhändler	O	O	-	0	107	649	2013	2047
13	Otto	B-PER	O	-	0	107	649	2013	2047
14	Schulz	I-PER	O	-	0	108	649	2037	2071
15	in	O	O	-	0	108	649	2037	2071
16	der	O	O	-	0	108	649	2037	2071
17	Potsdamer	B-LOC	O	-	0	108	649	2037	2071
18	Strasse	I-LOC	O	-	0	108	649	2037	2071
19	zu	O	O	-	0	108	649	2037	2071
20	einem	O	O	-	0	108	649	2037	2071
21	Jahre	O	O	-	0	108	649	2037	2071
22	Gefängnis	O	O	-	0	108	649	2060	2093
23	verurteilt	O	O	-	0	108	649	2060	2093
24	worden	O	O	-	0	108	649	2060	2093
25	.	O	O	-	0	108	649	2060	2093
0	Sein	O	O	-	0	108	649	2060	2093
1	Komplice	O	O	-	0	108	649	2060	2093
2	,	O	O	-	0	108	649	2060	2093
3	der	O	O	-	0	108	649	2060	2093
4	24jährige	O	O	-	0	107	649	2082	2116
5	Hausdiener	O	O	-	0	107	649	2082	2116
6	Otto	B-PER	O	-	0	107	649	2082	2116
7	Richter	I-PER	O	-	0	107	649	2082	2116
8	erhielt	O	O	-	0	107	649	2082	2116
9	1	O	O	-	0	107	649	2082	2116
10	Jahr	O	O	-	0	107	649	2082	2116
11	3	O	O	-	0	107	649	2082	2116
12	Tage	O	O	-	0	109	649	2106	2141
13	Gefängnis	O	O	-	0	109	649	2106	2141
14	.	O	O	-	0	109	649	2106	2141
0	Schon	O	O	-	0	109	649	2106	2141
1	bei	O	O	-	0	109	649	2106	2141
2	jener	O	O	-	0	109	649	2106	2141
3	Verhandlung	O	O	-	0	109	649	2106	2141
4	ist	O	O	-	0	109	649	2106	2141
5	darüber	O	O	-	0	108	649	2129	2164
6	berichtet	O	O	-	0	108	649	2129	2164
7	worden	O	O	-	0	108	649	2129	2164
8	,	O	O	-	0	108	649	2129	2164
9	wie	O	O	-	0	108	649	2129	2164
10	Buhse	B-PER	O	-	0	108	649	2129	2164
11	,	O	O	-	0	108	649	2129	2164
12	der	O	O	-	0	108	649	2129	2164
13	den	O	O	-	0	108	649	2129	2164
14	Richter	O	O	-	0	108	649	2152	2187
15	zufällig	O	O	-	0	108	649	2152	2187
16	in	O	O	-	0	108	649	2152	2187
17	Wannsee	B-LOC	O	-	0	108	649	2152	2187
18	traf	O	O	-	0	108	649	2152	2187
19	,	O	O	-	0	108	649	2152	2187
20	diesen	O	O	-	0	108	649	2152	2187
21	zur	O	O	-	0	108	649	2152	2187
22	Mit	O	O	-	0	108	649	2152	2187
23	-	O	O	-	0	108	649	2152	2187
24	gliedschaft	O	O	-	0	108	649	2176	2211
25	für	O	O	-	0	108	649	2176	2211
26	die	O	O	-	0	108	649	2176	2211
27	angeblich	O	O	-	0	108	649	2176	2211
28	bestehende	O	O	-	0	108	649	2176	2211
29	Ver	O	O	-	0	108	649	2176	2211
30	-	O	O	-	0	108	649	2176	2211
31	brecherbande	O	O	-	0	107	649	2200	2234
32	„	O	O	-	0	107	649	2200	2234
33	Komite	O	O	-	0	107	649	2200	2234
34	der	O	O	-	0	107	649	2200	2234
35	Schwarzen	O	O	-	0	107	649	2200	2234
36	Maske	O	O	-	0	108	649	2222	2257
37	“	O	O	-	0	108	649	2222	2257
38	angeworben	O	O	-	0	108	649	2222	2257
39	,	O	O	-	0	108	649	2222	2257
40	ihm	O	O	-	0	108	649	2222	2257
41	den	O	O	-	0	108	649	2222	2257
42	Schwur	O	O	-	0	108	649	2222	2257
43	zur	O	O	-	0	108	649	2222	2257
44	Ver	O	O	-	0	108	649	2222	2257
45	-	O	O	-	0	108	649	2222	2257
46	schwiegenheit	O	O	-	0	108	649	2246	2281
47	abgenommen	O	O	-	0	108	649	2246	2281
48	und	O	O	-	0	108	649	2246	2281
49	ihm	O	O	-	0	108	649	2246	2281
50	als	O	O	-	0	108	649	2246	2281
51	Er	O	O	-	0	108	649	2246	2281
52	-	O	O	-	0	108	649	2246	2281
53	kennungszeichen	O	O	-	0	108	649	2268	2302
54	eine	O	O	-	0	108	649	2268	2302
55	Nadel	O	O	-	0	108	649	2268	2302
56	mit	O	O	-	0	108	649	2268	2302
57	einem	O	O	-	0	108	649	2268	2302
58	Toten	O	O	-	0	108	649	2268	2302
59	-	O	O	-	0	108	649	2268	2302
60	kopf	O	O	-	0	107	649	2291	2326
61	übergeben	O	O	-	0	107	649	2291	2326
62	hatte	O	O	-	0	107	649	2291	2326
63	.	O	O	-	0	107	649	2291	2326
0	Aus	O	O	-	0	107	649	2291	2326
1	dem	O	O	-	0	107	649	2291	2326
2	Einbruchsdieb	O	O	-	0	107	649	2291	2326
3	-	O	O	-	0	107	649	2291	2326
4	stahl	O	O	-	0	108	649	2315	2350
5	fiei	B-PER	O	-	0	108	649	2315	2350
6	den	O	O	-	0	108	649	2315	2350
7	beiden	O	O	-	0	108	649	2315	2350
8	Verbrechern	O	O	-	0	108	649	2315	2350
9	eine	O	O	-	0	108	649	2315	2350
10	Beute	O	O	-	0	108	649	2315	2350
11	von	O	O	-	0	108	649	2338	2373
12	800	O	O	-	0	108	649	2338	2373
13	ℳ	O	O	-	0	108	649	2338	2373
14	zu	O	O	-	0	108	649	2338	2373
15	.	O	O	-	0	108	649	2338	2373
0	Buhse	B-PER	O	-	0	108	649	2338	2373
1	kleidete	O	O	-	0	108	649	2338	2373
2	sich	O	O	-	0	108	649	2338	2373
3	fein	O	O	-	0	108	649	2338	2373
4	ein	O	O	-	0	108	649	2338	2373
5	,	O	O	-	0	108	649	2338	2373
6	spielte	O	O	-	0	107	649	2361	2397
7	den	O	O	-	0	107	649	2361	2397
8	grossen	O	O	-	0	107	649	2361	2397
9	Herrn	O	O	-	0	107	649	2361	2397
10	und	O	O	-	0	107	649	2361	2397
11	blieb	O	O	-	0	107	649	2361	2397
12	noch	O	O	-	0	107	649	2361	2397
13	einige	O	O	-	0	107	649	2361	2397
14	Tage	O	O	-	0	108	649	2385	2421
15	mit	O	O	-	0	108	649	2385	2421
16	Richter	O	O	-	0	108	649	2385	2421
17	zusammen	O	O	-	0	108	649	2385	2421
18	,	O	O	-	0	108	649	2385	2421
19	der	O	O	-	0	108	649	2385	2421
20	ganz	O	O	-	0	108	649	2385	2421
21	unter	O	O	-	0	108	649	2385	2421
22	seinem	O	O	-	0	108	649	2408	2444
23	Einflusse	O	O	-	0	108	649	2408	2444
24	stand	O	O	-	0	108	649	2408	2444
25	und	O	O	-	0	108	649	2408	2444
26	von	O	O	-	0	108	649	2408	2444
27	dem	O	O	-	0	108	649	2408	2444
28	Gedanken	O	O	-	0	108	649	2408	2444
29	,	O	O	-	0	108	649	2408	2444
30	ein	O	O	-	0	108	649	2432	2467
31	Mitglied	O	O	-	0	108	649	2432	2467
32	der	O	O	-	0	108	649	2432	2467
33	„	O	O	-	0	108	649	2432	2467
34	Schwarzen	B-ORG	O	-	0	108	649	2432	2467
35	Maske	I-ORG	O	-	0	108	649	2432	2467
36	“	O	O	-	0	108	649	2432	2467
37	zu	O	O	-	0	108	649	2432	2467
38	sein	O	O	-	0	108	649	2432	2467
39	,	O	O	-	0	108	649	2432	2467
40	ganz	O	O	-	0	108	649	2456	2488
41	beherrscht	O	O	-	0	108	649	2456	2488
42	wurde	O	O	-	0	108	649	2456	2488
43	.	O	O	-	0	108	649	2456	2488
0	Schliesslich	O	O	-	0	108	649	2456	2488
1	wurde	O	O	-	0	108	649	2456	2488
2	es	O	O	-	0	108	649	2456	2488
3	aber	O	O	-	0	110	649	2477	2512
4	Richter	O	O	-	0	110	649	2477	2512
5	doch	O	O	-	0	110	649	2477	2512
6	unheimlich	O	O	-	0	110	649	2477	2512
7	und	O	O	-	0	110	649	2477	2512
8	er	O	O	-	0	110	649	2477	2512
9	benutzte	O	O	-	0	110	649	2477	2512
10	eine	O	O	-	0	108	649	2501	2536
11	günstige	O	O	-	0	108	649	2501	2536
12	Gelegenheit	O	O	-	0	108	649	2501	2536
13	,	O	O	-	0	108	649	2501	2536
14	um	O	O	-	0	108	649	2501	2536
15	sich	O	O	-	0	108	649	2501	2536
16	der	O	O	-	0	108	649	2501	2536
17	Gewalt	O	O	-	0	108	649	2501	2536
18	des	O	O	-	0	108	649	2524	2559
19	Angeklagten	O	O	-	0	108	649	2524	2559
20	durch	O	O	-	0	108	649	2524	2559
21	die	O	O	-	0	108	649	2524	2559
22	Flucht	O	O	-	0	108	649	2524	2559
23	zu	O	O	-	0	108	649	2524	2559
24	entziehen	O	O	-	0	108	649	2524	2559
25	.	O	O	-	0	108	649	2524	2559
0	Buhse	B-PER	O	-	0	108	649	2547	2584
1	aber	O	O	-	0	108	649	2547	2584
2	fasste	O	O	-	0	108	649	2547	2584
3	den	O	O	-	0	108	649	2547	2584
4	Plan	O	O	-	0	108	649	2547	2584
5	zu	O	O	-	0	108	649	2547	2584
6	einem	O	O	-	0	108	649	2547	2584
7	Raubzuge	O	O	-	0	108	649	2547	2584
8	im	O	O	-	0	108	649	2571	2606
9	grossen	O	O	-	0	108	649	2571	2606
10	.	O	O	-	0	108	649	2571	2606
0	Er	O	O	-	0	108	649	2571	2606
1	hatte	O	O	-	0	108	649	2571	2606
2	sich	O	O	-	0	108	649	2571	2606
3	im	O	O	-	0	108	649	2571	2606
4	Hotel	O	O	-	0	108	649	2571	2606
5	„	O	O	-	0	108	649	2571	2606
6	West	B-ORG	O	-	0	108	649	2571	2606
7	-	O	O	-	0	108	649	2571	2606
8	preussischer	O	O	-	0	108	649	2592	2630
9	Hof	B-ORG	O	-	0	108	649	2592	2630
10	“	O	O	-	0	108	649	2592	2630
11	einlogiert	O	O	-	0	108	649	2592	2630
12	.	O	O	-	0	108	649	2592	2630
0	Er	O	O	-	0	108	649	2592	2630
1	mietete	O	O	-	0	108	649	2592	2630
2	sich	O	O	-	0	108	649	2592	2630
3	am	O	O	-	0	108	649	2616	2653
4	10	O	O	-	0	108	649	2616	2653
5	.	O	O	-	0	108	649	2616	2653
6	April	O	O	-	0	108	649	2616	2653
7	bei	O	O	-	0	108	649	2616	2653
8	einem	O	O	-	0	108	649	2616	2653
9	Fuhrherrn	O	O	-	0	108	649	2616	2653
10	in	O	O	-	0	108	649	2616	2653
11	der	O	O	-	0	107	386	2639	2677
12	Langen	B-LOC	O	-	0	107	386	2639	2677
13	Strasse	I-LOC	O	-	0	107	386	2639	2677
14	eine	O	O	-	0	378	505	2643	2674
15	zweispännige	O	O	-	0	497	649	2642	2677
16	Equipoge	O	O	-	0	108	649	2663	2702
17	und	O	O	-	0	108	649	2663	2702
18	fuhr	O	O	-	0	108	649	2663	2702
19	nach	O	O	-	0	108	649	2663	2702
20	Wannsee	B-LOC	O	-	0	108	649	2663	2702
21	hinaus	O	O	-	0	108	649	2663	2702
22	,	O	O	-	0	108	649	2663	2702
23	wo	O	O	-	0	108	296	2687	2720
24	er	O	O	-	0	108	296	2687	2720
25	bei	O	O	-	0	108	296	2687	2720
26	drei	O	O	-	0	287	649	2687	2722
27	Villenbesitzern	O	O	-	0	287	649	2687	2722
28	dieselbe	O	O	-	0	287	649	2687	2722
29	Erpressung	O	O	-	0	108	649	2710	2746
30	versuchen	O	O	-	0	108	649	2710	2746
31	wollte	O	O	-	0	108	649	2710	2746
32	,	O	O	-	0	108	649	2710	2746
33	die	O	O	-	0	108	649	2710	2746
34	er	O	O	-	0	108	649	2710	2746
35	später	O	O	-	0	108	649	2710	2746
36	dem	O	O	-	0	108	649	2710	2746
37	Kaufmann	O	O	-	0	107	649	2734	2769
38	Tidemand	B-PER	O	-	0	107	649	2734	2769
39	gegenüber	O	O	-	0	107	649	2734	2769
40	ausgeführt	O	O	-	0	107	649	2734	2769
41	hat	O	O	-	0	107	649	2734	2769
42	.	O	O	-	0	107	649	2734	2769
0	Auf	O	O	-	0	108	649	2757	2793
1	der	O	O	-	0	108	649	2757	2793
2	Fahrt	O	O	-	0	108	649	2757	2793
3	nach	O	O	-	0	108	649	2757	2793
4	Wannsee	B-LOC	O	-	0	108	649	2757	2793
5	begegnete	O	O	-	0	108	649	2757	2793
6	er	O	O	-	0	108	649	2757	2793
7	einen	O	O	-	0	108	649	2757	2793
8	Handwerksburschen	O	O	-	0	107	649	2780	2816
9	,	O	O	-	0	107	649	2780	2816
10	dem	O	O	-	0	107	649	2780	2816
11	er	O	O	-	0	107	649	2780	2816
12	einen	O	O	-	0	107	649	2780	2816
13	Platz	O	O	-	0	107	649	2780	2816
14	in	O	O	-	0	107	649	2780	2816
15	seinem	O	O	-	0	107	649	2804	2840
16	Wagen	O	O	-	0	107	649	2804	2840
17	anbot	O	O	-	0	107	649	2804	2840
18	.	O	O	-	0	107	649	2804	2840
0	Er	O	O	-	0	107	649	2804	2840
1	erzählte	O	O	-	0	107	649	2804	2840
2	dem	O	O	-	0	107	649	2804	2840
3	jungen	O	O	-	0	107	649	2804	2840
4	Manne	O	O	-	0	107	649	2826	2861
5	,	O	O	-	0	107	649	2826	2861
6	dass	O	O	-	0	107	649	2826	2861
7	er	O	O	-	0	107	649	2826	2861
8	nach	O	O	-	0	107	649	2826	2861
9	Wannsee	B-LOC	O	-	0	107	649	2826	2861
10	wolle	O	O	-	0	107	649	2826	2861
11	,	O	O	-	0	107	649	2826	2861
12	um	O	O	-	0	107	649	2826	2861
13	dort	O	O	-	0	107	649	2826	2861
14	jemand	O	O	-	0	106	649	2850	2885
15	zu	O	O	-	0	106	649	2850	2885
16	„	O	O	-	0	106	649	2850	2885
17	neppen	O	O	-	0	106	649	2850	2885
18	“	O	O	-	0	106	649	2850	2885
19	und	O	O	-	0	106	649	2850	2885
20	bestimmte	O	O	-	0	106	649	2850	2885
21	den	O	O	-	0	106	649	2850	2885
22	Hand	O	O	-	0	106	649	2850	2885
23	-	O	O	-	0	106	649	2850	2885
24	werksburschen	O	O	-	0	107	649	2873	2908
25	gegen	O	O	-	0	107	649	2873	2908
26	eine	O	O	-	0	107	649	2873	2908
27	Belohnung	O	O	-	0	107	649	2873	2908
28	von	O	O	-	0	107	649	2873	2908
29	50	O	O	-	0	107	649	2873	2908
30	ℳ	O	O	-	0	107	649	2873	2908
31	ihm	O	O	-	0	107	649	2896	2932
32	dabei	O	O	-	0	107	649	2896	2932
33	behülflich	O	O	-	0	107	649	2896	2932
34	zu	O	O	-	0	107	649	2896	2932
35	sein	O	O	-	0	107	649	2896	2932
36	.	O	O	-	0	107	649	2896	2932
0	Seine	O	O	-	0	107	649	2896	2932
1	Versuche	O	O	-	0	107	649	2896	2932
2	,	O	O	-	0	107	649	2896	2932
3	in	O	O	-	0	107	649	2896	2932
4	Wannsee	B-LOC	O	-	0	108	649	2920	2955
5	Zutritt	O	O	-	0	108	649	2920	2955
6	in	O	O	-	0	108	649	2920	2955
7	die	O	O	-	0	108	649	2920	2955
8	Villen	O	O	-	0	108	649	2920	2955
9	des	O	O	-	0	108	649	2920	2955
10	Bankdirektors	O	O	-	0	108	649	2920	2955
11	Nathan	B-PER	O	-	0	107	649	2942	2978
12	,	O	O	-	0	107	649	2942	2978
13	des	O	O	-	0	107	649	2942	2978
14	Bankiers	O	O	-	0	107	649	2942	2978
15	Arons	B-PER	O	-	0	107	649	2942	2978
16	und	O	O	-	0	107	649	2942	2978
17	zuletzt	O	O	-	0	107	649	2942	2978
18	in	O	O	-	0	107	649	2942	2978
19	die	O	O	-	0	107	649	2942	2978
20	des	O	O	-	0	107	649	2967	3002
21	Rechtsanwalts	O	O	-	0	107	649	2967	3002
22	Dr	O	O	-	0	107	649	2967	3002
23	.	O	O	-	0	107	649	2967	3002
24	Herzield	B-PER	O	-	0	107	649	2967	3002
25	zu	O	O	-	0	107	649	2967	3002
26	erhalten	O	O	-	0	107	649	2967	3002
27	,	O	O	-	0	107	649	2967	3002
28	schlugen	O	O	-	0	107	649	2988	3027
29	fehl	O	O	-	0	107	649	2988	3027
30	.	O	O	-	0	107	649	2988	3027
0	Da	O	O	-	0	107	649	2988	3027
1	er	O	O	-	0	107	649	2988	3027
2	jedoch	O	O	-	0	107	649	2988	3027
3	hörte	O	O	-	0	107	649	2988	3027
4	,	O	O	-	0	107	649	2988	3027
5	dass	O	O	-	0	107	649	2988	3027
6	das	O	O	-	0	107	649	2988	3027
7	Berliner	B-LOC	O	-	0	688	1145	376	415
8	Börsen	O	O	-	0	688	1145	376	415
9	-	O	O	-	0	688	1145	376	415
10	Zeitung	O	O	-	0	688	1145	376	415
11	No	O	O	-	0	688	1145	376	415
12	.	O	O	-	0	688	1145	376	415
0	302	O	O	-	0	688	1145	376	415
1	Bureau	O	O	-	0	657	1196	443	478
2	des	O	O	-	0	657	1196	443	478
3	Rechtsanwalts	O	O	-	0	657	1196	443	478
4	sich	O	O	-	0	657	1196	443	478
5	in	O	O	-	0	657	1196	443	478
6	der	O	O	-	0	657	1196	443	478
7	Luisen	B-LOC	O	-	0	657	1196	443	478
8	-	O	O	-	0	657	1196	443	478
9	strasse	O	O	-	0	657	1196	467	503
10	22	O	O	-	0	657	1196	467	503
11	befände	O	O	-	0	657	1196	467	503
12	,	O	O	-	0	657	1196	467	503
13	gab	O	O	-	0	657	1196	467	503
14	er	O	O	-	0	657	1196	467	503
15	dem	O	O	-	0	657	1196	467	503
16	Kutscher	O	O	-	0	657	1196	467	503
17	den	O	O	-	0	657	1196	467	503
18	Befehl	O	O	-	0	656	1196	490	525
19	,	O	O	-	0	656	1196	490	525
20	ihn	O	O	-	0	656	1196	490	525
21	dorthin	O	O	-	0	656	1196	490	525
22	zu	O	O	-	0	656	1196	490	525
23	fahren	O	O	-	0	656	1196	490	525
24	.	O	O	-	0	656	1196	490	525
0	Als	O	O	-	0	656	1196	490	525
1	er	O	O	-	0	656	1196	490	525
2	in	O	O	-	0	656	1196	490	525
3	der	O	O	-	0	657	1196	513	547
4	Luisenstrasse	B-LOC	O	-	0	657	1196	513	547
5	anlangte	O	O	-	0	657	1196	513	547
6	,	O	O	-	0	657	1196	513	547
7	belehrte	O	O	-	0	657	1196	513	547
8	ihn	O	O	-	0	657	1196	513	547
9	ein	O	O	-	0	657	1196	513	547
10	Schild	O	O	-	0	657	1196	537	569
11	,	O	O	-	0	657	1196	537	569
12	dass	O	O	-	0	657	1196	537	569
13	das	O	O	-	0	657	1196	537	569
14	Rechtsanwaltsbureau	O	O	-	0	657	1196	537	569
15	nach	O	O	-	0	657	1196	537	569
16	der	O	O	-	0	657	1196	537	569
17	Königgrätzerstrasse	B-LOC	O	-	0	657	1196	558	593
18	87	O	O	-	0	657	1196	558	593
19	verlegt	O	O	-	0	657	1196	558	593
20	sei	O	O	-	0	657	1196	558	593
21	.	O	O	-	0	657	1196	558	593
0	Er	O	O	-	0	657	1196	558	593
1	fuhr	O	O	-	0	657	1196	558	593
2	so	O	O	-	0	657	1196	558	593
3	-	O	O	-	0	657	1196	558	593
4	fort	O	O	-	0	657	1196	582	616
5	dorthin	O	O	-	0	657	1196	582	616
6	,	O	O	-	0	657	1196	582	616
7	fand	O	O	-	0	657	1196	582	616
8	jedoch	O	O	-	0	657	1196	582	616
9	das	O	O	-	0	657	1196	582	616
10	Bureau	O	O	-	0	657	1196	582	616
11	bereits	O	O	-	0	657	1196	582	616
12	ge	O	O	-	0	657	1196	582	616
13	-	O	O	-	0	657	1196	582	616
14	schlossen	O	O	-	0	657	1196	605	640
15	.	O	O	-	0	657	1196	605	640
0	Er	O	O	-	0	657	1196	605	640
1	wollte	O	O	-	0	657	1196	605	640
2	aber	O	O	-	0	657	1196	605	640
3	nicht	O	O	-	0	657	1196	605	640
4	ganz	O	O	-	0	657	1196	605	640
5	unnütz	O	O	-	0	657	1196	605	640
6	seinen	O	O	-	0	657	1196	605	640
7	Plan	O	O	-	0	657	1196	629	664
8	aufgebaut	O	O	-	0	657	1196	629	664
9	haben	O	O	-	0	657	1196	629	664
10	und	O	O	-	0	657	1196	629	664
11	so	O	O	-	0	657	1196	629	664
12	klingelte	O	O	-	0	657	1196	629	664
13	er	O	O	-	0	657	1196	629	664
14	denn	O	O	-	0	657	1196	629	664
15	an	O	O	-	0	657	1196	652	688
16	der	O	O	-	0	657	1196	652	688
17	gegenüberliegenden	O	O	-	0	657	1196	652	688
18	Tür	O	O	-	0	657	1196	652	688
19	des	O	O	-	0	657	1196	652	688
20	Kaufmanns	O	O	-	0	657	1196	652	688
21	Tidemand	B-PER	O	-	0	658	1196	674	707
22	.	O	O	-	0	658	1196	674	707
0	Es	O	O	-	0	658	1196	674	707
1	war	O	O	-	0	658	1196	674	707
2	ungefähr	O	O	-	0	658	1196	674	707
3	9	O	O	-	0	658	1196	674	707
4	Uhr	O	O	-	0	658	1196	674	707
5	abends	O	O	-	0	658	1196	674	707
6	.	O	O	-	0	658	1196	674	707
0	Als	O	O	-	0	658	1196	674	707
1	Herr	O	O	-	0	657	1193	696	733
2	T	B-PER	O	-	0	657	1193	696	733
3	.	O	O	-	0	657	1193	696	733
4	auf	O	O	-	0	657	1193	696	733
5	das	O	O	-	0	657	1193	696	733
6	Klingeln	O	O	-	0	657	1193	696	733
7	öffnete	O	O	-	0	657	1193	696	733
8	,	O	O	-	0	657	1193	696	733
9	erklärte	O	O	-	0	657	1193	696	733
10	Busse	B-PER	O	-	0	657	1193	696	733
11	,	O	O	-	0	657	1193	696	733
12	dass	O	O	-	0	657	1193	719	755
13	er	O	O	-	0	657	1193	719	755
14	ihn	O	O	-	0	657	1193	719	755
15	gern	O	O	-	0	657	1193	719	755
16	sprechen	O	O	-	0	657	1193	719	755
17	möchte	O	O	-	0	657	1193	719	755
18	und	O	O	-	0	657	1193	719	755
19	Herr	O	O	-	0	657	1193	719	755
20	T	B-PER	O	-	0	657	1193	719	755
21	.	O	O	-	0	657	1193	719	755
22	liess	O	O	-	0	657	1193	743	778
23	den	O	O	-	0	657	1193	743	778
24	jungen	O	O	-	0	657	1193	743	778
25	Mann	O	O	-	0	657	1193	743	778
26	in	O	O	-	0	657	1193	743	778
27	sein	O	O	-	0	657	1193	743	778
28	Kontor	O	O	-	0	657	1193	743	778
29	treten	O	O	-	0	657	1193	743	778
30	.	O	O	-	0	657	1193	743	778
0	Dort	O	O	-	0	657	1193	743	778
1	übergab	O	O	-	0	657	1193	767	802
2	Buhse	B-PER	O	-	0	657	1193	767	802
3	Herrn	O	O	-	0	657	1193	767	802
4	T	B-PER	O	-	0	657	1193	767	802
5	.	I-PER	O	-	0	657	1193	767	802
6	einen	O	O	-	0	657	1193	767	802
7	Brief	O	O	-	0	657	1193	767	802
8	,	O	O	-	0	657	1193	767	802
9	der	O	O	-	0	657	1193	767	802
10	,	O	O	-	0	657	1193	767	802
11	wie	O	O	-	0	657	1193	767	802
12	er	O	O	-	0	657	1193	767	802
13	sagte	O	O	-	0	657	1193	767	802
14	,	O	O	-	0	657	1193	767	802
15	diesem	O	O	-	0	657	1193	790	824
16	nicht	O	O	-	0	657	1193	790	824
17	sehr	O	O	-	0	657	1193	790	824
18	angenehm	O	O	-	0	657	1193	790	824
19	sein	O	O	-	0	657	1193	790	824
20	würde	O	O	-	0	657	1193	790	824
21	.	O	O	-	0	657	1193	790	824
0	Der	O	O	-	0	657	1193	790	824
1	Brief	O	O	-	0	657	1193	813	848
2	hatte	O	O	-	0	657	1193	813	848
3	folgenden	O	O	-	0	657	1193	813	848
4	Inhalt	O	O	-	0	657	1193	813	848
5	:	O	O	-	0	657	1193	813	848
6	„	O	O	-	0	657	1193	813	848
7	Sie	O	O	-	0	657	1193	813	848
8	werden	O	O	-	0	657	1193	813	848
9	auf	O	O	-	0	657	1193	813	848
10	-	O	O	-	0	657	1193	813	848
11	gefordert	O	O	-	0	657	1193	834	871
12	,	O	O	-	0	657	1193	834	871
13	dem	O	O	-	0	657	1193	834	871
14	Ueberbringer	O	O	-	0	657	1193	834	871
15	dieses	O	O	-	0	657	1193	834	871
16	500	O	O	-	0	657	1193	834	871
17	,	O	O	-	0	657	1193	834	871
18	in	O	O	-	0	657	1193	834	871
19	Worten	O	O	-	0	658	1193	857	892
20	fünfhundert	O	O	-	0	658	1193	857	892
21	Mark	O	O	-	0	658	1193	857	892
22	zu	O	O	-	0	658	1193	857	892
23	übergeben	O	O	-	0	658	1193	857	892
24	.	O	O	-	0	658	1193	857	892
0	Zu	O	O	-	0	658	1193	857	892
1	-	O	O	-	0	658	1193	857	892
2	widerhandlungen	O	O	-	0	658	1193	881	917
3	werden	O	O	-	0	658	1193	881	917
4	mit	O	O	-	0	658	1193	881	917
5	dem	O	O	-	0	658	1193	881	917
6	Tode	O	O	-	0	658	1193	881	917
7	bestraft	O	O	-	0	658	1193	881	917
8	.	O	O	-	0	658	1193	881	917
0	Sie	O	O	-	0	658	1193	905	939
1	werden	O	O	-	0	658	1193	905	939
2	überwacht	O	O	-	0	658	1193	905	939
3	.	O	O	-	0	658	1193	905	939
0	Hüten	O	O	-	0	658	1193	905	939
1	Sie	O	O	-	0	658	1193	905	939
2	sich	O	O	-	0	658	1193	905	939
3	!	O	O	-	0	658	1193	905	939
0	Das	O	O	-	0	658	1193	905	939
1	Beschlossen	O	O	-	0	1049	1196	927	959
2	Komitee	O	O	-	0	658	1057	929	963
3	der	O	O	-	0	658	1057	929	963
4	Schwarzen	O	O	-	0	658	1057	929	963
5	Maske	O	O	-	0	658	1057	929	963
6	.	O	O	-	0	658	1057	929	963
0	—	O	O	-	0	658	1057	929	963
1	Berlin	B-LOC	O	-	0	658	1196	950	987
2	,	O	O	-	0	658	1196	950	987
3	10	O	O	-	0	658	1196	950	987
4	.	O	O	-	0	658	1196	950	987
5	April	O	O	-	0	658	1196	950	987
6	1907	O	O	-	0	658	1196	950	987
7	.	O	O	-	0	658	1196	950	987
0	“	O	O	-	0	658	1196	950	987
1	—	O	O	-	0	658	1196	950	987
2	Während	O	O	-	0	658	1196	950	987
3	der	O	O	-	0	658	1196	950	987
4	alte	O	O	-	0	658	1196	950	987
5	Herr	O	O	-	0	658	1196	974	1007
6	diese	O	O	-	0	658	1196	974	1007
7	Zeilen	O	O	-	0	658	1196	974	1007
8	las	O	O	-	0	658	1196	974	1007
9	,	O	O	-	0	658	1196	974	1007
10	hatte	O	O	-	0	658	1196	974	1007
11	sich	O	O	-	0	658	1196	974	1007
12	Buhse	B-PER	O	-	0	658	1196	974	1007
13	eine	O	O	-	0	658	1196	995	1031
14	schwarze	O	O	-	0	658	1196	995	1031
15	Maske	O	O	-	0	658	1196	995	1031
16	vorgesteckt	O	O	-	0	658	1196	995	1031
17	.	O	O	-	0	658	1196	995	1031
0	Als	O	O	-	0	658	1196	995	1031
1	Herr	O	O	-	0	658	1196	995	1031
2	T	B-PER	O	-	0	658	1196	995	1031
3	.	I-PER	O	-	0	658	1196	995	1031
4	ihn	O	O	-	0	658	1196	1020	1057
5	fragte	O	O	-	0	658	1196	1020	1057
6	,	O	O	-	0	658	1196	1020	1057
7	ob	O	O	-	0	658	1196	1020	1057
8	er	O	O	-	0	658	1196	1020	1057
9	denn	O	O	-	0	658	1196	1020	1057
10	verrückt	O	O	-	0	658	1196	1020	1057
11	sei	O	O	-	0	658	1196	1020	1057
12	,	O	O	-	0	658	1196	1020	1057
13	kommandierte	O	O	-	0	658	1196	1020	1057
14	Buhse	B-PER	O	-	0	658	1196	1043	1077
15	kaltblütig	O	O	-	0	658	1196	1043	1077
16	:	O	O	-	0	658	1196	1043	1077
17	„	O	O	-	0	658	1196	1043	1077
18	Hände	O	O	-	0	658	1196	1043	1077
19	hoch	O	O	-	0	658	1196	1043	1077
20	!	O	O	-	0	658	1196	1043	1077
21	“	O	O	-	0	658	1196	1043	1077
22	und	O	O	-	0	658	1196	1043	1077
23	gab	O	O	-	0	658	1196	1043	1077
24	auf	O	O	-	0	658	1196	1043	1077
25	Herrn	O	O	-	0	658	1196	1066	1101
26	Tidemand	B-PER	O	-	0	658	1196	1066	1101
27	aus	O	O	-	0	658	1196	1066	1101
28	einem	O	O	-	0	658	1196	1066	1101
29	Revolver	O	O	-	0	658	1196	1066	1101
30	drei	O	O	-	0	658	1196	1066	1101
31	Schüsse	O	O	-	0	658	1196	1066	1101
32	ab	O	O	-	0	658	1196	1090	1124
33	.	O	O	-	0	658	1196	1090	1124
0	Die	O	O	-	0	658	1196	1090	1124
1	erste	O	O	-	0	658	1196	1090	1124
2	Kugel	O	O	-	0	658	1196	1090	1124
3	drang	O	O	-	0	658	1196	1090	1124
4	in	O	O	-	0	658	1196	1090	1124
5	die	O	O	-	0	658	1196	1090	1124
6	Lunge	O	O	-	0	658	1196	1090	1124
7	,	O	O	-	0	658	1196	1090	1124
8	der	O	O	-	0	658	1196	1090	1124
9	zweite	O	O	-	0	658	1196	1113	1148
10	Schuss	O	O	-	0	658	1196	1113	1148
11	,	O	O	-	0	658	1196	1113	1148
12	den	O	O	-	0	658	1196	1113	1148
13	Buhse	B-PER	O	-	0	658	1196	1113	1148
14	abgab	O	O	-	0	658	1196	1113	1148
15	,	O	O	-	0	658	1196	1113	1148
16	alss	O	O	-	0	658	1196	1113	1148
17	Herr	O	O	-	0	658	1196	1113	1148
18	T	B-PER	O	-	0	658	1196	1113	1148
19	.	I-PER	O	-	0	658	1196	1113	1148
20	sich	O	O	-	0	658	1196	1113	1148
21	auf	O	O	-	0	658	1193	1136	1171
22	ihn	O	O	-	0	658	1193	1136	1171
23	stürzte	O	O	-	0	658	1193	1136	1171
24	,	O	O	-	0	658	1193	1136	1171
25	ging	O	O	-	0	658	1193	1136	1171
26	diesem	O	O	-	0	658	1193	1136	1171
27	in	O	O	-	0	658	1193	1136	1171
28	den	O	O	-	0	658	1193	1136	1171
29	linken	O	O	-	0	658	1193	1136	1171
30	Oberarm	O	O	-	0	658	1193	1136	1171
31	.	O	O	-	0	658	1193	1136	1171
0	Herr	O	O	-	0	658	1196	1160	1193
1	T	B-PER	O	-	0	658	1196	1160	1193
2	.	O	O	-	0	658	1196	1160	1193
3	,	O	O	-	0	658	1196	1160	1193
4	ein	O	O	-	0	658	1196	1160	1193
5	kräftiger	O	O	-	0	658	1196	1160	1193
6	Mann	O	O	-	0	658	1196	1160	1193
7	,	O	O	-	0	658	1196	1160	1193
8	drang	O	O	-	0	658	1196	1160	1193
9	nun	O	O	-	0	658	1196	1160	1193
10	entschlossen	O	O	-	0	658	1196	1160	1193
11	auf	O	O	-	0	658	1196	1184	1216
12	den	O	O	-	0	658	1196	1184	1216
13	Mordgesellen	O	O	-	0	658	1196	1184	1216
14	ein	O	O	-	0	658	1196	1184	1216
15	und	O	O	-	0	658	1196	1184	1216
16	es	O	O	-	0	658	1196	1184	1216
17	kam	O	O	-	0	658	1196	1184	1216
18	zu	O	O	-	0	658	1196	1184	1216
19	einem	O	O	-	0	658	1196	1184	1216
20	Ringen	O	O	-	0	658	1196	1205	1240
21	.	O	O	-	0	658	1196	1205	1240
0	Hierbei	O	O	-	0	658	1196	1205	1240
1	schoss	O	O	-	0	658	1196	1205	1240
2	Buhse	B-PER	O	-	0	658	1196	1205	1240
3	zum	O	O	-	0	658	1196	1205	1240
4	dritten	O	O	-	0	658	1196	1205	1240
5	Mal	O	O	-	0	658	1196	1205	1240
6	und	O	O	-	0	658	1196	1229	1264
7	die	O	O	-	0	658	1196	1229	1264
8	Kugel	O	O	-	0	658	1196	1229	1264
9	ging	O	O	-	0	658	1196	1229	1264
10	Herrn	O	O	-	0	658	1196	1229	1264
11	T	B-PER	O	-	0	658	1196	1229	1264
12	.	I-PER	O	-	0	658	1196	1229	1264
13	durch	O	O	-	0	658	1196	1229	1264
14	den	O	O	-	0	658	1196	1229	1264
15	linken	O	O	-	0	658	1196	1229	1264
16	Unterarm	O	O	-	0	658	1196	1252	1286
17	.	O	O	-	0	658	1196	1252	1286
0	Schliesslich	O	O	-	0	658	1196	1252	1286
1	gelang	O	O	-	0	658	1196	1252	1286
2	es	O	O	-	0	658	1196	1252	1286
3	Herrn	O	O	-	0	658	1196	1252	1286
4	T	B-PER	O	-	0	658	1196	1252	1286
5	.	O	O	-	0	658	1196	1252	1286
6	,	O	O	-	0	658	1196	1252	1286
7	den	O	O	-	0	659	1196	1275	1310
8	Angeklagten	O	O	-	0	659	1196	1275	1310
9	niederzuwerfen	O	O	-	0	659	1196	1275	1310
10	.	O	O	-	0	659	1196	1275	1310
0	Dabei	O	O	-	0	659	1196	1275	1310
1	ent	O	O	-	0	659	1196	1275	1310
2	-	O	O	-	0	659	1196	1275	1310
3	lud	O	O	-	0	658	1196	1296	1333
4	sich	O	O	-	0	658	1196	1296	1333
5	der	O	O	-	0	658	1196	1296	1333
6	Revolver	O	O	-	0	658	1196	1296	1333
7	und	O	O	-	0	658	1196	1296	1333
8	die	O	O	-	0	658	1196	1296	1333
9	Kugel	O	O	-	0	658	1196	1296	1333
10	streifte	O	O	-	0	658	1196	1296	1333
11	den	O	O	-	0	658	1113	1320	1354
12	linken	O	O	-	0	658	1113	1320	1354
13	Handrücken	O	O	-	0	658	1113	1320	1354
14	des	O	O	-	0	658	1113	1320	1354
15	Buhse	O	O	-	0	658	1113	1320	1354
16	.	O	O	-	0	658	1113	1320	1354
0	Nun	O	O	-	0	1138	1196	1322	1353
1	schlug	O	O	-	0	658	1196	1343	1378
2	dieser	O	O	-	0	658	1196	1343	1378
3	mit	O	O	-	0	658	1196	1343	1378
4	dem	O	O	-	0	658	1196	1343	1378
5	Kolben	O	O	-	0	658	1196	1343	1378
6	des	O	O	-	0	658	1196	1343	1378
7	Revolvers	O	O	-	0	658	1196	1343	1378
8	mehrmals	O	O	-	0	659	1196	1367	1403
9	nach	O	O	-	0	659	1196	1367	1403
10	der	O	O	-	0	659	1196	1367	1403
11	Schläfe	O	O	-	0	659	1196	1367	1403
12	seines	O	O	-	0	659	1196	1367	1403
13	Gegners	O	O	-	0	659	1196	1367	1403
14	,	O	O	-	0	659	1196	1367	1403
15	bis	O	O	-	0	659	1196	1367	1403
16	es	O	O	-	0	659	1196	1391	1425
17	diesem	O	O	-	0	659	1196	1391	1425
18	gelang	O	O	-	0	659	1196	1391	1425
19	,	O	O	-	0	659	1196	1391	1425
20	ihm	O	O	-	0	659	1196	1391	1425
21	den	O	O	-	0	659	1196	1391	1425
22	Revolver	O	O	-	0	659	1196	1391	1425
23	zu	O	O	-	0	659	1196	1391	1425
24	ent	O	O	-	0	659	1196	1391	1425
25	-	O	O	-	0	659	1196	1391	1425
26	reissen	O	O	-	0	659	1196	1414	1448
27	.	O	O	-	0	659	1196	1414	1448
0	Auf	O	O	-	0	659	1196	1414	1448
1	seine	O	O	-	0	659	1196	1414	1448
2	Hülferufe	O	O	-	0	659	1196	1414	1448
3	waren	O	O	-	0	659	1196	1414	1448
4	einige	O	O	-	0	659	1196	1414	1448
5	Schutz	O	O	-	0	659	1196	1414	1448
6	-	O	O	-	0	659	1196	1414	1448
7	leute	O	O	-	0	661	1196	1438	1471
8	und	O	O	-	0	661	1196	1438	1471
9	Passanten	O	O	-	0	661	1196	1438	1471
10	herbeigeeilt	O	O	-	0	661	1196	1438	1471
11	und	O	O	-	0	661	1196	1438	1471
12	nahmen	O	O	-	0	661	1196	1438	1471
13	den	O	O	-	0	661	1196	1438	1471
14	Räuber	O	O	-	0	661	1196	1461	1493
15	fest	O	O	-	0	661	1196	1461	1493
16	.	O	O	-	0	661	1196	1461	1493
0	Als	O	O	-	0	661	1196	1461	1493
1	der	O	O	-	0	661	1196	1461	1493
2	noch	O	O	-	0	661	1196	1461	1493
3	immer	O	O	-	0	661	1196	1461	1493
4	auf	O	O	-	0	661	1196	1461	1493
5	der	O	O	-	0	661	1196	1461	1493
6	Strasse	O	O	-	0	661	1196	1461	1493
7	wartende	O	O	-	0	661	1196	1484	1517
8	Handwerksbursche	O	O	-	0	661	1196	1484	1517
9	merkte	O	O	-	0	661	1196	1484	1517
10	,	O	O	-	0	661	1196	1484	1517
11	dass	O	O	-	0	661	1196	1484	1517
12	die	O	O	-	0	661	1196	1484	1517
13	Sache	O	O	-	0	661	1196	1484	1517
14	kritisch	O	O	-	0	661	1196	1508	1540
15	wurde	O	O	-	0	661	1196	1508	1540
16	,	O	O	-	0	661	1196	1508	1540
17	sprang	O	O	-	0	661	1196	1508	1540
18	er	O	O	-	0	661	1196	1508	1540
19	schleunigst	O	O	-	0	661	1196	1508	1540
20	aus	O	O	-	0	661	1196	1508	1540
21	dem	O	O	-	0	661	1196	1508	1540
22	Wagen	O	O	-	0	661	1196	1530	1563
23	und	O	O	-	0	661	1196	1530	1563
24	entfloh	O	O	-	0	661	1196	1530	1563
25	.	O	O	-	0	661	1196	1530	1563
0	Er	O	O	-	0	661	1196	1530	1563
1	ist	O	O	-	0	661	1196	1530	1563
2	nicht	O	O	-	0	661	1196	1530	1563
3	ermittelt	O	O	-	0	661	1196	1530	1563
4	worden	O	O	-	0	661	1196	1530	1563
5	.	O	O	-	0	661	1196	1530	1563
0	Auf	O	O	-	0	664	1196	1553	1588
1	Befragen	O	O	-	0	664	1196	1553	1588
2	des	O	O	-	0	664	1196	1553	1588
3	Vorsitzenden	O	O	-	0	664	1196	1553	1588
4	erklärt	O	O	-	0	664	1196	1553	1588
5	der	O	O	-	0	664	1196	1553	1588
6	An	O	O	-	0	664	1196	1553	1588
7	-	O	O	-	0	664	1196	1553	1588
8	geklagte	O	O	-	0	661	1196	1576	1610
9	:	O	O	-	0	661	1196	1576	1610
10	er	O	O	-	0	661	1196	1576	1610
11	habe	O	O	-	0	661	1196	1576	1610
12	in	O	O	-	0	661	1196	1576	1610
13	Charlottenburg	B-LOC	O	-	0	661	1196	1576	1610
14	die	O	O	-	0	661	1196	1576	1610
15	11	O	O	-	0	661	1196	1576	1610
16	.	O	O	-	0	661	1196	1576	1610
17	und	O	O	-	0	661	1196	1576	1610
18	12	O	O	-	0	662	1196	1600	1634
19	.	O	O	-	0	662	1196	1600	1634
20	Gemeindeschule	O	O	-	0	662	1196	1600	1634
21	bis	O	O	-	0	662	1196	1600	1634
22	zur	O	O	-	0	662	1196	1600	1634
23	2	O	O	-	0	662	1196	1600	1634
24	.	O	O	-	0	662	1196	1600	1634
25	Klasse	O	O	-	0	662	1196	1600	1634
26	besucht	O	O	-	0	662	1196	1600	1634
27	,	O	O	-	0	662	1196	1600	1634
28	dann	O	O	-	0	661	1197	1623	1655
29	sei	O	O	-	0	661	1197	1623	1655
30	er	O	O	-	0	661	1197	1623	1655
31	bei	O	O	-	0	661	1197	1623	1655
32	einem	O	O	-	0	661	1197	1623	1655
33	Friseur	O	O	-	0	661	1197	1623	1655
34	in	O	O	-	0	661	1197	1623	1655
35	die	O	O	-	0	661	1197	1623	1655
36	Lehre	O	O	-	0	661	1197	1623	1655
37	gekom	O	O	-	0	661	1197	1623	1655
38	-	O	O	-	0	661	1197	1623	1655
39	men	O	O	-	0	661	1198	1646	1678
40	,	O	O	-	0	661	1198	1646	1678
41	nach	O	O	-	0	661	1198	1646	1678
42	einem	O	O	-	0	661	1198	1646	1678
43	halben	O	O	-	0	661	1198	1646	1678
44	Jahre	O	O	-	0	661	1198	1646	1678
45	habe	O	O	-	0	661	1198	1646	1678
46	er	O	O	-	0	661	1198	1646	1678
47	diese	O	O	-	0	661	1198	1646	1678
48	Lehre	O	O	-	0	661	1198	1646	1678
49	verlassen	O	O	-	0	661	1198	1668	1703
50	,	O	O	-	0	661	1198	1668	1703
51	weil	O	O	-	0	661	1198	1668	1703
52	sein	O	O	-	0	661	1198	1668	1703
53	Lehrherr	O	O	-	0	661	1198	1668	1703
54	das	O	O	-	0	661	1198	1668	1703
55	Geschäft	O	O	-	0	661	1198	1668	1703
56	aufgab	O	O	-	0	661	1198	1668	1703
57	.	O	O	-	0	661	1198	1668	1703
0	Der	O	O	-	0	662	1198	1691	1726
1	Angeklagte	O	O	-	0	662	1198	1691	1726
2	schildert	O	O	-	0	662	1198	1691	1726
3	nun	O	O	-	0	662	1198	1691	1726
4	den	O	O	-	0	662	1198	1691	1726
5	Ueberfall	O	O	-	0	662	1198	1691	1726
6	auf	O	O	-	0	662	1198	1691	1726
7	Herrn	O	O	-	0	664	1198	1715	1749
8	Tidemand	B-PER	O	-	0	664	1198	1715	1749
9	im	O	O	-	0	664	1198	1715	1749
10	allgemeinen	O	O	-	0	664	1198	1715	1749
11	so	O	O	-	0	664	1198	1715	1749
12	,	O	O	-	0	664	1198	1715	1749
13	wie	O	O	-	0	664	1198	1715	1749
14	er	O	O	-	0	664	1198	1715	1749
15	oben	O	O	-	0	664	1198	1715	1749
16	dargestellt	O	O	-	0	664	1198	1738	1773
17	ist	O	O	-	0	664	1198	1738	1773
18	.	O	O	-	0	664	1198	1738	1773
0	—	O	O	-	0	664	1198	1738	1773
1	R	O	O	-	0	664	1198	1738	1773
2	.	O	O	-	0	664	1198	1738	1773
3	-	O	O	-	0	664	1198	1738	1773
4	A	O	O	-	0	664	1198	1738	1773
5	.	O	O	-	0	664	1198	1738	1773
6	Dr	O	O	-	0	664	1198	1738	1773
7	.	O	O	-	0	664	1198	1738	1773
8	Loewenthal	B-PER	O	-	0	664	1198	1738	1773
9	:	O	O	-	0	664	1198	1738	1773
10	Wollte	O	O	-	0	664	1198	1738	1773
11	der	O	O	-	0	662	1198	1761	1796
12	Angeklagte	O	O	-	0	662	1198	1761	1796
13	denselben	O	O	-	0	662	1198	1761	1796
14	Erpresserbrief	O	O	-	0	662	1198	1761	1796
15	auch	O	O	-	0	662	1198	1761	1796
16	dem	O	O	-	0	662	1201	1785	1819
17	Rechtsanwalt	O	O	-	0	662	1201	1785	1819
18	Herzfeld	B-PER	O	-	0	662	1201	1785	1819
19	vorweisen	O	O	-	0	662	1201	1785	1819
20	?	O	O	-	0	662	1201	1785	1819
0	—	O	O	-	0	662	1201	1785	1819
1	Angekl	B-PER	O	-	0	662	1201	1785	1819
2	:	O	O	-	0	662	1201	1785	1819
3	Ja	O	O	-	0	661	758	1808	1840
4	.	O	O	-	0	661	758	1808	1840
0	—	O	O	-	0	661	758	1808	1840
1	Vert	O	O	-	0	748	1201	1808	1841
2	.	O	O	-	0	748	1201	1808	1841
3	:	O	O	-	0	748	1201	1808	1841
4	Hatten	O	O	-	0	748	1201	1808	1841
5	sie	O	O	-	0	748	1201	1808	1841
6	während	O	O	-	0	748	1201	1808	1841
7	der	O	O	-	0	748	1201	1808	1841
8	Fahrt	O	O	-	0	748	1201	1808	1841
9	etwas	O	O	-	0	662	1199	1830	1865
10	getrunken	O	O	-	0	662	1199	1830	1865
11	?	O	O	-	0	662	1199	1830	1865
0	—	O	O	-	0	662	1199	1830	1865
1	Angekl	O	O	-	0	662	1199	1830	1865
2	.	O	O	-	0	662	1199	1830	1865
3	:	O	O	-	0	662	1199	1830	1865
4	Ja	O	O	-	0	662	1199	1830	1865
5	,	O	O	-	0	662	1199	1830	1865
6	zwei	O	O	-	0	662	1199	1830	1865
7	Flaschen	O	O	-	0	662	1199	1830	1865
8	Portwein	O	O	-	0	661	1201	1853	1888
9	.	O	O	-	0	661	1201	1853	1888
0	R	O	O	-	0	661	1201	1853	1888
1	.	O	O	-	0	661	1201	1853	1888
2	-	O	O	-	0	661	1201	1853	1888
3	A	O	O	-	0	661	1201	1853	1888
4	.	O	O	-	0	661	1201	1853	1888
5	Dr	O	O	-	0	661	1201	1853	1888
6	.	O	O	-	0	661	1201	1853	1888
7	Loewenthal	B-PER	O	-	0	661	1201	1853	1888
8	legt	O	O	-	0	661	1201	1853	1888
9	eine	O	O	-	0	661	1201	1853	1888
10	ganze	O	O	-	0	661	1201	1853	1888
11	Anzahl	O	O	-	0	662	1201	1877	1912
12	von	O	O	-	0	662	1201	1877	1912
13	Produkten	O	O	-	0	662	1201	1877	1912
14	der	O	O	-	0	662	1201	1877	1912
15	Hintertreppen	O	O	-	0	662	1201	1877	1912
16	-	O	O	-	0	662	1201	1877	1912
17	Literatur	O	O	-	0	662	1201	1877	1912
18	vor	O	O	-	0	662	1201	1901	1934
19	und	O	O	-	0	662	1201	1901	1934
20	betont	O	O	-	0	662	1201	1901	1934
21	,	O	O	-	0	662	1201	1901	1934
22	dass	O	O	-	0	662	1201	1901	1934
23	der	O	O	-	0	662	1201	1901	1934
24	Angeklagte	O	O	-	0	662	1201	1901	1934
25	viele	O	O	-	0	662	1201	1901	1934
26	Bücher	O	O	-	0	662	1201	1901	1934
27	dieser	O	O	-	0	662	1201	1924	1957
28	Art	O	O	-	0	662	1201	1924	1957
29	gelesen	O	O	-	0	662	1201	1924	1957
30	und	O	O	-	0	662	1201	1924	1957
31	darin	O	O	-	0	662	1201	1924	1957
32	den	O	O	-	0	662	1201	1924	1957
33	Ausdruck	O	O	-	0	662	1201	1924	1957
34	„	O	O	-	0	662	1201	1924	1957
35	Hände	O	O	-	0	662	1201	1924	1957
36	hoch	O	O	-	0	662	1201	1947	1981
37	!	O	O	-	0	662	1201	1947	1981
38	“	O	O	-	0	662	1201	1947	1981
39	und	O	O	-	0	662	1201	1947	1981
40	einen	O	O	-	0	662	1201	1947	1981
41	ähnlichen	O	O	-	0	662	1201	1947	1981
42	Text	O	O	-	0	662	1201	1947	1981
43	,	O	O	-	0	662	1201	1947	1981
44	wie	O	O	-	0	662	1201	1947	1981
45	er	O	O	-	0	662	1201	1947	1981
46	ihn	O	O	-	0	662	1201	1947	1981
47	in	O	O	-	0	662	1201	1947	1981
48	seinem	O	O	-	0	664	1201	1970	2003
49	Briefe	O	O	-	0	664	1201	1970	2003
50	angewendet	O	O	-	0	664	1201	1970	2003
51	,	O	O	-	0	664	1201	1970	2003
52	wohl	O	O	-	0	664	1201	1970	2003
53	vorgefunden	O	O	-	0	664	1201	1970	2003
54	habe	O	O	-	0	664	1201	1970	2003
55	.	O	O	-	0	664	1201	1970	2003
0	Unter	O	O	-	0	664	1201	1994	2027
1	den	O	O	-	0	664	1201	1994	2027
2	vorgelegten	O	O	-	0	664	1201	1994	2027
3	Werken	O	O	-	0	664	1201	1994	2027
4	befindet	O	O	-	0	664	1201	1994	2027
5	sich	O	O	-	0	664	1201	1994	2027
6	ein	O	O	-	0	664	1201	1994	2027
7	in	O	O	-	0	664	1201	2016	2050
8	vielen	O	O	-	0	664	1201	2016	2050
9	Fortsetzungen	O	O	-	0	664	1201	2016	2050
10	erscheinendes	O	O	-	0	664	1201	2016	2050
11	unter	O	O	-	0	664	1201	2016	2050
12	dem	O	O	-	0	664	1201	2016	2050
13	Titel	O	O	-	0	664	1201	2039	2074
14	„	O	O	-	0	664	1201	2039	2074
15	Das	O	O	-	0	664	1201	2039	2074
16	Geheimnis	O	O	-	0	664	1201	2039	2074
17	der	O	O	-	0	664	1201	2039	2074
18	roten	O	O	-	0	664	1201	2039	2074
19	Maske	O	O	-	0	664	1201	2039	2074
20	“	O	O	-	0	664	1201	2039	2074
21	,	O	O	-	0	664	1201	2039	2074
22	ferner	O	O	-	0	664	1201	2039	2074
23	„	O	O	-	0	664	1201	2063	2099
24	Sherlok	O	O	-	0	664	1201	2063	2099
25	Holmes	O	O	-	0	664	1201	2063	2099
26	“	O	O	-	0	664	1201	2063	2099
27	,	O	O	-	0	664	1201	2063	2099
28	„	O	O	-	0	664	1201	2063	2099
29	Der	O	O	-	0	664	1201	2063	2099
30	Falschmünzer	O	O	-	0	664	1201	2063	2099
31	“	O	O	-	0	664	1201	2063	2099
32	etc	O	O	-	0	664	1201	2063	2099
33	.	O	O	-	0	664	1201	2063	2099
0	—	O	O	-	0	664	1201	2086	2121
1	Präs	O	O	-	0	664	1201	2086	2121
2	.	O	O	-	0	664	1201	2086	2121
3	:	O	O	-	0	664	1201	2086	2121
4	Haben	O	O	-	0	664	1201	2086	2121
5	Sie	O	O	-	0	664	1201	2086	2121
6	denn	O	O	-	0	664	1201	2086	2121
7	eine	O	O	-	0	664	1201	2086	2121
8	besondere	O	O	-	0	664	1201	2086	2121
9	Vorliebe	O	O	-	0	664	938	2108	2144
10	für	O	O	-	0	664	938	2108	2144
11	solche	O	O	-	0	664	938	2108	2144
12	Lektüre	O	O	-	0	929	1108	2109	2143
13	?	O	O	-	0	929	1108	2109	2143
0	—	O	O	-	0	929	1108	2109	2143
1	Angekl	O	O	-	0	1101	1201	2110	2145
2	.	O	O	-	0	1101	1201	2110	2145
3	:	O	O	-	0	1101	1201	2110	2145
4	Ja	O	O	-	0	664	1201	2132	2165
5	,	O	O	-	0	664	1201	2132	2165
6	ich	O	O	-	0	664	1201	2132	2165
7	halbe	O	O	-	0	664	1201	2132	2165
8	solche	O	O	-	0	664	1201	2132	2165
9	Bücher	O	O	-	0	664	1201	2132	2165
10	immer	O	O	-	0	664	1201	2132	2165
11	ver	O	O	-	0	664	1201	2132	2165
12	-	O	O	-	0	664	1201	2132	2165
13	schlungen	O	O	-	0	664	1201	2154	2189
14	.	O	O	-	0	664	1201	2154	2189
0	Ich	O	O	-	0	664	1201	2154	2189
1	habe	O	O	-	0	664	1201	2154	2189
2	viele	O	O	-	0	664	1201	2154	2189
3	in	O	O	-	0	664	1201	2154	2189
4	den	O	O	-	0	664	1201	2154	2189
5	Eisenbahnwagen	O	O	-	0	664	1201	2154	2189
6	gefunden	O	O	-	0	664	1201	2180	2215
7	,	O	O	-	0	664	1201	2180	2215
8	wenn	O	O	-	0	664	1201	2180	2215
9	sie	O	O	-	0	664	1201	2180	2215
10	von	O	O	-	0	664	1201	2180	2215
11	den	O	O	-	0	664	1201	2180	2215
12	Reisenden	O	O	-	0	664	1201	2180	2215
13	zurück	O	O	-	0	664	1201	2180	2215
14	-	O	O	-	0	664	1201	2180	2215
15	gelassen	O	O	-	0	664	1201	2202	2237
16	waren	O	O	-	0	664	1201	2202	2237
17	und	O	O	-	0	664	1201	2202	2237
18	habe	O	O	-	0	664	1201	2202	2237
19	mir	O	O	-	0	664	1201	2202	2237
20	auch	O	O	-	0	664	1201	2202	2237
21	solche	O	O	-	0	664	1201	2202	2237
22	von	O	O	-	0	664	1201	2202	2237
23	anderen	O	O	-	0	664	1201	2225	2260
24	Personen	O	O	-	0	664	1201	2225	2260
25	geborgt	O	O	-	0	664	1201	2225	2260
26	.	O	O	-	0	664	1201	2225	2260
0	—	O	O	-	0	664	1201	2225	2260
1	Der	O	O	-	0	664	1201	2225	2260
2	Sachverständige	O	O	-	0	664	1201	2225	2260
3	Dr	O	O	-	0	664	1202	2249	2283
4	.	O	O	-	0	664	1202	2249	2283
5	Bondi	B-PER	O	-	0	664	1202	2249	2283
6	erklärt	O	O	-	0	664	1202	2249	2283
7	auf	O	O	-	0	664	1202	2249	2283
8	Befragen	O	O	-	0	664	1202	2249	2283
9	des	O	O	-	0	664	1202	2249	2283
10	Verteidigers	O	O	-	0	664	1202	2249	2283
11	,	O	O	-	0	664	1202	2249	2283
12	dass	O	O	-	0	664	1203	2272	2307
13	solche	O	O	-	0	664	1203	2272	2307
14	Hintertreppen	O	O	-	0	664	1203	2272	2307
15	-	O	O	-	0	664	1203	2272	2307
16	Romane	O	O	-	0	664	1203	2272	2307
17	,	O	O	-	0	664	1203	2272	2307
18	die	O	O	-	0	664	1203	2272	2307
19	in	O	O	-	0	664	1203	2272	2307
20	ganzen	O	O	-	0	664	1203	2272	2307
21	Serien	O	O	-	0	664	1203	2296	2329
22	erscheinen	O	O	-	0	664	1203	2296	2329
23	,	O	O	-	0	664	1203	2296	2329
24	viel	O	O	-	0	664	1203	2296	2329
25	verbreitet	O	O	-	0	664	1203	2296	2329
26	sind	O	O	-	0	664	1203	2296	2329
27	und	O	O	-	0	664	1203	2296	2329
28	von	O	O	-	0	664	1203	2296	2329
29	der	O	O	-	0	664	1203	2319	2353
30	Jugend	O	O	-	0	664	1203	2319	2353
31	viel	O	O	-	0	664	1203	2319	2353
32	gelesen	O	O	-	0	664	1203	2319	2353
33	werden	O	O	-	0	664	1203	2319	2353
34	,	O	O	-	0	664	1203	2319	2353
35	namentlich	O	O	-	0	664	1203	2319	2353
36	die	O	O	-	0	664	1203	2319	2353
37	10	O	O	-	0	664	967	2342	2373
38	Pf	O	O	-	0	664	967	2342	2373
39	.	O	O	-	0	664	967	2342	2373
40	Heſtchen	O	O	-	0	664	967	2342	2373
41	dieser	O	O	-	0	664	967	2342	2373
42	Art	O	O	-	0	664	967	2342	2373
43	.	O	O	-	0	664	967	2342	2373
0	Der	O	O	-	0	686	1204	2364	2398
1	60	O	O	-	0	686	1204	2364	2398
2	Jahre	O	O	-	0	686	1204	2364	2398
3	alte	O	O	-	0	686	1204	2364	2398
4	Zeuge	O	O	-	0	686	1204	2364	2398
5	Tidemand	B-PER	O	-	0	686	1204	2364	2398
6	bleibt	O	O	-	0	686	1204	2364	2398
7	gegenüber	O	O	-	0	664	1204	2387	2423
8	dem	O	O	-	0	664	1204	2387	2423
9	Angeklagten	O	O	-	0	664	1204	2387	2423
10	dabei	O	O	-	0	664	1204	2387	2423
11	,	O	O	-	0	664	1204	2387	2423
12	dass	O	O	-	0	664	1204	2387	2423
13	dieser	O	O	-	0	664	1204	2387	2423
14	den	O	O	-	0	664	1204	2387	2423
15	ersten	O	O	-	0	664	1203	2411	2445
16	Schuss	O	O	-	0	664	1203	2411	2445
17	abgegeben	O	O	-	0	664	1203	2411	2445
18	habe	O	O	-	0	664	1203	2411	2445
19	,	O	O	-	0	664	1203	2411	2445
20	indem	O	O	-	0	664	1203	2411	2445
21	er	O	O	-	0	664	1203	2411	2445
22	den	O	O	-	0	664	1203	2411	2445
23	Re	O	O	-	0	664	1203	2411	2445
24	-	O	O	-	0	664	1203	2411	2445
25	volver	O	O	-	0	664	1204	2435	2469
26	direkt	O	O	-	0	664	1204	2435	2469
27	auf	O	O	-	0	664	1204	2435	2469
28	ihn	O	O	-	0	664	1204	2435	2469
29	hielt	O	O	-	0	664	1204	2435	2469
30	.	O	O	-	0	664	1204	2435	2469
0	Bei	O	O	-	0	664	1204	2435	2469
1	dem	O	O	-	0	664	1204	2435	2469
2	Ringen	O	O	-	0	664	1204	2435	2469
3	habe	O	O	-	0	664	1204	2435	2469
4	der	O	O	-	0	664	1204	2458	2492
5	Angeklagte	O	O	-	0	664	1204	2458	2492
6	versucht	O	O	-	0	664	1204	2458	2492
7	,	O	O	-	0	664	1204	2458	2492
8	ihm	O	O	-	0	664	1204	2458	2492
9	den	O	O	-	0	664	1204	2458	2492
10	Revolver	O	O	-	0	664	1204	2458	2492
11	auf	O	O	-	0	664	1204	2458	2492
12	die	O	O	-	0	664	1204	2458	2492
13	Brust	O	O	-	0	664	1204	2481	2516
14	zu	O	O	-	0	664	1204	2481	2516
15	bringen	O	O	-	0	664	1204	2481	2516
16	,	O	O	-	0	664	1204	2481	2516
17	der	O	O	-	0	664	1204	2481	2516
18	Zeuge	O	O	-	0	664	1204	2481	2516
19	hat	O	O	-	0	664	1204	2481	2516
20	ihm	O	O	-	0	664	1204	2481	2516
21	die	O	O	-	0	664	1204	2481	2516
22	Hand	O	O	-	0	664	1204	2481	2516
23	fortgestossen	O	O	-	0	664	1202	2505	2539
24	und	O	O	-	0	664	1202	2505	2539
25	so	O	O	-	0	664	1202	2505	2539
26	ging	O	O	-	0	664	1202	2505	2539
27	der	O	O	-	0	664	1202	2505	2539
28	zweite	O	O	-	0	664	1202	2505	2539
29	Schuss	O	O	-	0	664	1202	2505	2539
30	los	O	O	-	0	664	1202	2505	2539
31	.	O	O	-	0	664	1202	2505	2539
0	Beim	O	O	-	0	664	1203	2528	2564
1	Ringen	O	O	-	0	664	1203	2528	2564
2	sind	O	O	-	0	664	1203	2528	2564
3	dann	O	O	-	0	664	1203	2528	2564
4	die	O	O	-	0	664	1203	2528	2564
5	zwei	O	O	-	0	664	1203	2528	2564
6	weiteren	O	O	-	0	664	1203	2528	2564
7	Schüsse	O	O	-	0	664	1203	2528	2564
8	gefallen	O	O	-	0	664	1204	2550	2587
9	.	O	O	-	0	664	1204	2550	2587
0	Durch	O	O	-	0	664	1204	2550	2587
1	einen	O	O	-	0	664	1204	2550	2587
2	wurde	O	O	-	0	664	1204	2550	2587
3	der	O	O	-	0	664	1204	2550	2587
4	Angeklagte	O	O	-	0	664	1204	2550	2587
5	selbst	O	O	-	0	664	1204	2574	2608
6	an	O	O	-	0	664	1204	2574	2608
7	der	O	O	-	0	664	1204	2574	2608
8	Hand	O	O	-	0	664	1204	2574	2608
9	etwas	O	O	-	0	664	1204	2574	2608
10	verletzt	O	O	-	0	664	1204	2574	2608
11	.	O	O	-	0	664	1204	2574	2608
0	Da	O	O	-	0	664	1204	2574	2608
1	fing	O	O	-	0	664	1204	2574	2608
2	er	O	O	-	0	664	1204	2574	2608
3	an	O	O	-	0	664	1204	2597	2631
4	zu	O	O	-	0	664	1204	2597	2631
5	heulen	O	O	-	0	664	1204	2597	2631
6	und	O	O	-	0	664	1204	2597	2631
7	erklärte	O	O	-	0	664	1204	2597	2631
8	:	O	O	-	0	664	1204	2597	2631
9	„	O	O	-	0	664	1204	2597	2631
10	ich	O	O	-	0	664	1204	2597	2631
11	ergebe	O	O	-	0	664	1204	2597	2631
12	mich	O	O	-	0	664	1204	2597	2631
13	!	O	O	-	0	664	1204	2597	2631
0	“	O	O	-	0	664	1204	2597	2631
1	Der	O	O	-	0	664	1204	2621	2656
2	Zeuge	O	O	-	0	664	1204	2621	2656
3	antwortete	O	O	-	0	664	1204	2621	2656
4	:	O	O	-	0	664	1204	2621	2656
5	„	O	O	-	0	664	1204	2621	2656
6	Das	O	O	-	0	664	1204	2621	2656
7	ist	O	O	-	0	664	1204	2621	2656
8	keine	O	O	-	0	664	1204	2621	2656
9	Sprache	O	O	-	0	664	1204	2621	2656
10	für	O	O	-	0	664	1203	2644	2677
11	Leute	O	O	-	0	664	1203	2644	2677
12	ihres	O	O	-	0	664	1203	2644	2677
13	Schlages	O	O	-	0	664	1203	2644	2677
14	“	O	O	-	0	664	1203	2644	2677
15	und	O	O	-	0	664	1203	2644	2677
16	hielt	O	O	-	0	664	1203	2644	2677
17	den	O	O	-	0	664	1203	2644	2677
18	Atten	O	O	-	0	664	1203	2644	2677
19	-	O	O	-	0	664	1203	2644	2677
20	täter	O	O	-	0	664	1204	2667	2701
21	fest	O	O	-	0	664	1204	2667	2701
22	,	O	O	-	0	664	1204	2667	2701
23	bis	O	O	-	0	664	1204	2667	2701
24	ihm	O	O	-	0	664	1204	2667	2701
25	Hülfe	O	O	-	0	664	1204	2667	2701
26	kam	O	O	-	0	664	1204	2667	2701
27	.	O	O	-	0	664	1204	2667	2701
0	Der	O	O	-	0	664	1204	2667	2701
1	Zeuge	O	O	-	0	664	1204	2667	2701
2	hat	O	O	-	0	664	1204	2667	2701
3	dem	O	O	-	0	664	1204	2691	2727
4	Angeklagten	O	O	-	0	664	1204	2691	2727
5	auch	O	O	-	0	664	1204	2691	2727
6	gesagt	O	O	-	0	664	1204	2691	2727
7	,	O	O	-	0	664	1204	2691	2727
8	dass	O	O	-	0	664	1204	2691	2727
9	er	O	O	-	0	664	1204	2691	2727
10	jemand	O	O	-	0	664	1204	2691	2727
11	,	O	O	-	0	664	1204	2691	2727
12	der	O	O	-	0	664	1204	2714	2749
13	anständig	O	O	-	0	664	1204	2714	2749
14	darum	O	O	-	0	664	1204	2714	2749
15	bittet	O	O	-	0	664	1204	2714	2749
16	,	O	O	-	0	664	1204	2714	2749
17	gern	O	O	-	0	664	1204	2714	2749
18	ein	O	O	-	0	664	1204	2714	2749
19	Almosen	O	O	-	0	664	1204	2714	2749
20	gebe	O	O	-	0	664	1204	2738	2774
21	,	O	O	-	0	664	1204	2738	2774
22	worauf	O	O	-	0	664	1204	2738	2774
23	Buhse	B-PER	O	-	0	664	1204	2738	2774
24	sein	O	O	-	0	664	1204	2738	2774
25	Vorgehen	O	O	-	0	664	1204	2738	2774
26	mit	O	O	-	0	664	1204	2738	2774
27	„	O	O	-	0	665	1204	2759	2795
28	widrigen	O	O	-	0	665	1204	2759	2795
29	Verhältnissen	O	O	-	0	665	1204	2759	2795
30	“	O	O	-	0	665	1204	2759	2795
31	entschuldigte	O	O	-	0	665	1204	2759	2795
32	.	O	O	-	0	665	1204	2759	2795
0	Der	O	O	-	0	665	1204	2759	2795
1	linke	O	O	-	0	665	1204	2759	2795
2	Arm	O	O	-	0	665	1206	2783	2817
3	des	O	O	-	0	665	1206	2783	2817
4	Zeugen	O	O	-	0	665	1206	2783	2817
5	ist	O	O	-	0	665	1206	2783	2817
6	durch	O	O	-	0	665	1206	2783	2817
7	die	O	O	-	0	665	1206	2783	2817
8	Verwundung	O	O	-	0	665	1206	2783	2817
9	so	O	O	-	0	665	1206	2783	2817
10	-	O	O	-	0	665	1206	2783	2817
11	geschwächt	O	O	-	0	664	1206	2807	2841
12	,	O	O	-	0	664	1206	2807	2841
13	dass	O	O	-	0	664	1206	2807	2841
14	er	O	O	-	0	664	1206	2807	2841
15	ihn	O	O	-	0	664	1206	2807	2841
16	nicht	O	O	-	0	664	1206	2807	2841
17	ganz	O	O	-	0	664	1206	2807	2841
18	emporheben	O	O	-	0	664	1206	2807	2841
19	kann	O	O	-	0	664	1205	2830	2865
20	.	O	O	-	0	664	1205	2830	2865
0	Die	O	O	-	0	664	1205	2830	2865
1	in	O	O	-	0	664	1205	2830	2865
2	die	O	O	-	0	664	1205	2830	2865
3	Brust	O	O	-	0	664	1205	2830	2865
4	gegangene	O	O	-	0	664	1205	2830	2865
5	Kugel	O	O	-	0	664	1205	2830	2865
6	,	O	O	-	0	664	1205	2830	2865
7	welche	O	O	-	0	664	1205	2830	2865
8	die	O	O	-	0	664	1205	2854	2888
9	Lunge	O	O	-	0	664	1205	2854	2888
10	gestreift	O	O	-	0	664	1205	2854	2888
11	hat	O	O	-	0	664	1205	2854	2888
12	,	O	O	-	0	664	1205	2854	2888
13	hat	O	O	-	0	664	1205	2854	2888
14	sich	O	O	-	0	664	1205	2854	2888
15	dort	O	O	-	0	664	1205	2854	2888
16	verkapselt	O	O	-	0	664	1205	2854	2888
17	.	O	O	-	0	664	1205	2854	2888
0	—	O	O	-	0	665	1206	2877	2913
1	Präs	O	O	-	0	665	1206	2877	2913
2	.	O	O	-	0	665	1206	2877	2913
3	:	O	O	-	0	665	1206	2877	2913
4	Angeklagter	O	O	-	0	665	1206	2877	2913
5	,	O	O	-	0	665	1206	2877	2913
6	Sie	O	O	-	0	665	1206	2877	2913
7	hören	O	O	-	0	665	1206	2877	2913
8	,	O	O	-	0	665	1206	2877	2913
9	dass	O	O	-	0	665	1206	2877	2913
10	der	O	O	-	0	665	1206	2877	2913
11	Zeuge	O	O	-	0	665	1206	2877	2913
12	die	O	O	-	0	664	1204	2897	2933
13	Sache	O	O	-	0	664	1204	2897	2933
14	doch	O	O	-	0	664	1204	2897	2933
15	ganz	O	O	-	0	664	1204	2897	2933
16	anders	O	O	-	0	664	1204	2897	2933
17	darstellt	O	O	-	0	664	1204	2897	2933
18	als	O	O	-	0	664	1204	2897	2933
19	Sie	O	O	-	0	664	1204	2897	2933
20	.	O	O	-	0	664	1204	2897	2933
0	—	O	O	-	0	664	1204	2897	2933
1	Angekl	O	O	-	0	665	1205	2922	2959
2	.	O	O	-	0	665	1205	2922	2959
3	:	O	O	-	0	665	1205	2922	2959
4	Ich	O	O	-	0	665	1205	2922	2959
5	bleibe	O	O	-	0	665	1205	2922	2959
6	bei	O	O	-	0	665	1205	2922	2959
7	meiner	O	O	-	0	665	1205	2922	2959
8	Aussage	O	O	-	0	665	1205	2922	2959
9	und	O	O	-	0	665	1205	2922	2959
10	bitte	O	O	-	0	665	1205	2922	2959
11	den	O	O	-	0	664	1206	2946	2982
12	Gerichtshol	O	O	-	0	664	1206	2946	2982
13	,	O	O	-	0	664	1206	2946	2982
14	doch	O	O	-	0	664	1206	2946	2982
15	meinen	O	O	-	0	664	1206	2946	2982
16	Worten	O	O	-	0	664	1206	2946	2982
17	auch	O	O	-	0	664	1206	2946	2982
18	einigen	O	O	-	0	664	1206	2946	2982
19	Glauben	O	O	-	0	664	910	2969	3003
20	zu	O	O	-	0	664	910	2969	3003
21	schenken	O	O	-	0	664	910	2969	3003
22	.	O	O	-	0	664	910	2969	3003
0	(	O	O	-	0	832	1043	2994	3032
1	Fortsetzung	O	O	-	0	832	1043	2994	3032
2	folgt	O	O	-	0	832	1043	2994	3032
3	.	O	O	-	0	832	1043	2994	3032
4	)	O	O	-	0	832	1043	2994	3032
0	11	O	O	-	0	1667	1715	371	407
1	Handelsnachrichten	O	O	-	0	1307	1653	443	492
2	.	O	O	-	0	1307	1653	443	492
0	—	O	O	-	0	1233	1749	486	520
1	Von	O	O	-	0	1233	1749	486	520
2	den	O	O	-	0	1233	1749	486	520
3	Seidenmärkten	O	O	-	0	1233	1749	486	520
4	wird	O	O	-	0	1233	1749	486	520
5	uns	O	O	-	0	1233	1749	486	520
6	ge	O	O	-	0	1233	1749	486	520
7	-	O	O	-	0	1233	1749	486	520
8	schrieben	O	O	-	0	1210	1750	509	544
9	:	O	O	-	0	1210	1750	509	544
10	Der	O	O	-	0	1210	1750	509	544
11	Verkehr	O	O	-	0	1210	1750	509	544
12	auf	O	O	-	0	1210	1750	509	544
13	dem	O	O	-	0	1210	1750	509	544
14	Züricher	B-LOC	O	-	0	1210	1750	509	544
15	Roh	O	O	-	0	1210	1750	509	544
16	-	O	O	-	0	1210	1750	509	544
17	seidenmarkt	O	O	-	0	1210	1750	532	568
18	war	O	O	-	0	1210	1750	532	568
19	in	O	O	-	0	1210	1750	532	568
20	der	O	O	-	0	1210	1750	532	568
21	letzten	O	O	-	0	1210	1750	532	568
22	Woche	O	O	-	0	1210	1750	532	568
23	wieder	O	O	-	0	1210	1750	532	568
24	sehr	O	O	-	0	1209	1750	555	590
25	ruhig	O	O	-	0	1209	1750	555	590
26	.	O	O	-	0	1209	1750	555	590
0	Da	O	O	-	0	1209	1750	555	590
1	die	O	O	-	0	1209	1750	555	590
2	Abgeber	O	O	-	0	1209	1750	555	590
3	auf	O	O	-	0	1209	1750	555	590
4	die	O	O	-	0	1209	1750	555	590
5	billigen	O	O	-	0	1209	1750	555	590
6	Preise	O	O	-	0	1209	1749	579	614
7	der	O	O	-	0	1209	1749	579	614
8	Käufer	O	O	-	0	1209	1749	579	614
9	nicht	O	O	-	0	1209	1749	579	614
10	eingingen	O	O	-	0	1209	1749	579	614
11	,	O	O	-	0	1209	1749	579	614
12	kam	O	O	-	0	1209	1749	579	614
13	es	O	O	-	0	1209	1749	579	614
14	kaum	O	O	-	0	1209	1749	579	614
15	zu	O	O	-	0	1209	1749	600	637
16	Abschlüssen	O	O	-	0	1209	1749	600	637
17	.	O	O	-	0	1209	1749	600	637
0	Dasselbe	O	O	-	0	1209	1749	600	637
1	gilt	O	O	-	0	1209	1749	600	637
2	von	O	O	-	0	1209	1749	600	637
3	seidenen	O	O	-	0	1209	1749	600	637
4	Ge	O	O	-	0	1209	1749	600	637
5	-	O	O	-	0	1209	1749	600	637
6	weben	O	O	-	0	1210	1750	624	662
7	,	O	O	-	0	1210	1750	624	662
8	welche	O	O	-	0	1210	1750	624	662
9	gleichfalls	O	O	-	0	1210	1750	624	662
10	in	O	O	-	0	1210	1750	624	662
11	grösseren	O	O	-	0	1210	1750	624	662
12	Mengen	O	O	-	0	1210	1750	624	662
13	nicht	O	O	-	0	1209	1749	648	682
14	umgesetzt	O	O	-	0	1209	1749	648	682
15	wurden	O	O	-	0	1209	1749	648	682
16	.	O	O	-	0	1209	1749	648	682
0	In	O	O	-	0	1209	1749	648	682
1	Lyon	B-LOC	O	-	0	1209	1749	648	682
2	wurde	O	O	-	0	1209	1749	648	682
3	,	O	O	-	0	1209	1749	648	682
4	soweit	O	O	-	0	1209	1749	671	705
5	Rohseiden	O	O	-	0	1209	1749	671	705
6	in	O	O	-	0	1209	1749	671	705
7	Betracht	O	O	-	0	1209	1749	671	705
8	kommen	O	O	-	0	1209	1749	671	705
9	,	O	O	-	0	1209	1749	671	705
10	nur	O	O	-	0	1209	1749	671	705
11	das	O	O	-	0	1209	1749	694	729
12	nötigste	O	O	-	0	1209	1749	694	729
13	gekauft	O	O	-	0	1209	1749	694	729
14	.	O	O	-	0	1209	1749	694	729
0	Die	O	O	-	0	1209	1749	694	729
1	Preise	O	O	-	0	1209	1749	694	729
2	haben	O	O	-	0	1209	1749	694	729
3	an	O	O	-	0	1209	1749	694	729
4	Festigkeit	O	O	-	0	1209	1749	717	751
5	etwas	O	O	-	0	1209	1749	717	751
6	eingebüsst	O	O	-	0	1209	1749	717	751
7	.	O	O	-	0	1209	1749	717	751
0	Dagegen	O	O	-	0	1209	1749	717	751
1	erhalten	O	O	-	0	1209	1749	717	751
2	die	O	O	-	0	1209	1749	717	751
3	Fabrikanten	O	O	-	0	1210	1749	740	775
4	von	O	O	-	0	1210	1749	740	775
5	seidenen	O	O	-	0	1210	1749	740	775
6	Geweben	O	O	-	0	1210	1749	740	775
7	sowie	O	O	-	0	1210	1749	740	775
8	von	O	O	-	0	1210	1749	740	775
9	Samten	O	O	-	0	1209	1749	762	799
10	und	O	O	-	0	1209	1749	762	799
11	Samtbändern	O	O	-	0	1209	1749	762	799
12	fortgesetzt	O	O	-	0	1209	1749	762	799
13	lohnende	O	O	-	0	1209	1749	762	799
14	Bestellungen	O	O	-	0	1210	1749	785	820
15	zu	O	O	-	0	1210	1749	785	820
16	festen	O	O	-	0	1210	1749	785	820
17	Preisen	O	O	-	0	1210	1749	785	820
18	.	O	O	-	0	1210	1749	785	820
0	Auf	O	O	-	0	1210	1749	785	820
1	dem	O	O	-	0	1210	1749	785	820
2	Roh	B-LOC	O	-	0	1210	1749	785	820
3	-	O	O	-	0	1210	1749	785	820
4	seidenmarkt	O	O	-	0	1209	1749	809	845
5	in	O	O	-	0	1209	1749	809	845
6	Mailand	B-LOC	O	-	0	1209	1749	809	845
7	ist	O	O	-	0	1209	1749	809	845
8	das	O	O	-	0	1209	1749	809	845
9	Hauptinteresse	O	O	-	0	1209	1749	809	845
10	der	O	O	-	0	1209	1749	832	866
11	Käufer	O	O	-	0	1209	1749	832	866
12	auf	O	O	-	0	1209	1749	832	866
13	die	O	O	-	0	1209	1749	832	866
14	Seidenernte	O	O	-	0	1209	1749	832	866
15	gerichtet	O	O	-	0	1209	1749	832	866
16	.	O	O	-	0	1209	1749	832	866
0	Die	O	O	-	0	1209	1750	854	889
1	Preistendenz	O	O	-	0	1209	1750	854	889
2	ist	O	O	-	0	1209	1750	854	889
3	fest	O	O	-	0	1209	1750	854	889
4	.	O	O	-	0	1209	1750	854	889
0	Recht	O	O	-	0	1209	1750	854	889
1	still	O	O	-	0	1209	1750	854	889
2	liegt	O	O	-	0	1209	1750	854	889
3	das	O	O	-	0	1209	1750	854	889
4	Geschäft	O	O	-	0	1209	1750	878	913
5	auf	O	O	-	0	1209	1750	878	913
6	dem	O	O	-	0	1209	1750	878	913
7	Crefelder	B-LOC	O	-	0	1209	1750	878	913
8	Rohseidenmarkt	O	O	-	0	1209	1750	878	913
9	und	O	O	-	0	1209	1750	878	913
10	von	O	O	-	0	1209	1749	902	935
11	nennenswerten	O	O	-	0	1209	1749	902	935
12	Umsätzen	O	O	-	0	1209	1749	902	935
13	wurde	O	O	-	0	1209	1749	902	935
14	nichts	O	O	-	0	1209	1749	902	935
15	be	O	O	-	0	1209	1749	902	935
16	-	O	O	-	0	1209	1749	902	935
17	kannt	O	O	-	0	1209	1750	923	958
18	.	O	O	-	0	1209	1750	923	958
0	Auch	O	O	-	0	1209	1750	923	958
1	die	O	O	-	0	1209	1750	923	958
2	Nachfrage	O	O	-	0	1209	1750	923	958
3	in	O	O	-	0	1209	1750	923	958
4	seidenen	O	O	-	0	1209	1750	923	958
5	Geweben	O	O	-	0	1209	1750	923	958
6	hielt	O	O	-	0	1209	1750	947	983
7	sich	O	O	-	0	1209	1750	947	983
8	in	O	O	-	0	1209	1750	947	983
9	den	O	O	-	0	1209	1750	947	983
10	engsten	O	O	-	0	1209	1750	947	983
11	Grenzen	O	O	-	0	1209	1750	947	983
12	.	O	O	-	0	1209	1750	947	983
0	Preise	O	O	-	0	1209	1750	947	983
1	waren	O	O	-	0	1209	1750	947	983
2	unverändert	O	O	-	0	1210	1353	972	1005
3	.	O	O	-	0	1210	1353	972	1005
4	*	O	O	-	0	1234	1750	1004	1041
5	Eisenach	B-LOC	O	-	0	1234	1750	1004	1041
6	,	O	O	-	0	1234	1750	1004	1041
7	29	O	O	-	0	1234	1750	1004	1041
8	.	O	O	-	0	1234	1750	1004	1041
9	Juni	O	O	-	0	1234	1750	1004	1041
10	.	O	O	-	0	1234	1750	1004	1041
0	Auf	O	O	-	0	1234	1750	1004	1041
1	Einladung	O	O	-	0	1234	1750	1004	1041
2	des	O	O	-	0	1234	1750	1004	1041
3	Verbandes	O	O	-	0	1210	1750	1029	1064
4	rheinisch	O	O	-	0	1210	1750	1029	1064
5	-	O	O	-	0	1210	1750	1029	1064
6	westfälischer	O	O	-	0	1210	1750	1029	1064
7	Betriebs	B-ORG	O	-	0	1210	1750	1029	1064
8	-	O	O	-	0	1210	1750	1029	1064
9	krankenkassen	O	O	-	0	1210	1750	1052	1087
10	fand	O	O	-	0	1210	1750	1052	1087
11	heute	O	O	-	0	1210	1750	1052	1087
12	hierselbst	O	O	-	0	1210	1750	1052	1087
13	eine	O	O	-	0	1210	1750	1052	1087
14	aus	O	O	-	0	1210	1750	1052	1087
15	ganz	O	O	-	0	1210	1750	1052	1087
16	Deutschland	B-LOC	O	-	0	1210	1749	1076	1109
17	zahlreich	O	O	-	0	1210	1749	1076	1109
18	beschickte	O	O	-	0	1210	1749	1076	1109
19	Versammlung	O	O	-	0	1210	1749	1076	1109
20	von	O	O	-	0	1210	1749	1098	1132
21	Vertretern	O	O	-	0	1210	1749	1098	1132
22	deutscher	O	O	-	0	1210	1749	1098	1132
23	Betriebskrankenkassen	O	O	-	0	1210	1749	1098	1132
24	zu	O	O	-	0	1210	1748	1121	1157
25	einer	O	O	-	0	1210	1748	1121	1157
26	Besprechung	O	O	-	0	1210	1748	1121	1157
27	über	O	O	-	0	1210	1748	1121	1157
28	die	O	O	-	0	1210	1748	1121	1157
29	wirkungsvollere	O	O	-	0	1210	1748	1121	1157
30	Vertretung	O	O	-	0	1211	1748	1145	1180
31	ihrer	O	O	-	0	1211	1748	1145	1180
32	Interessen	O	O	-	0	1211	1748	1145	1180
33	angesichts	O	O	-	0	1211	1748	1145	1180
34	der	O	O	-	0	1211	1748	1145	1180
35	be	O	O	-	0	1211	1748	1145	1180
36	-	O	O	-	0	1211	1748	1145	1180
37	absichtigten	O	O	-	0	1210	1749	1168	1205
38	Neugestaltung	O	O	-	0	1210	1749	1168	1205
39	des	O	O	-	0	1210	1749	1168	1205
40	Krankenkassen	O	O	-	0	1210	1749	1168	1205
41	-	O	O	-	0	1210	1749	1168	1205
42	wesens	O	O	-	0	1211	1750	1191	1226
43	statt	O	O	-	0	1211	1750	1191	1226
44	.	O	O	-	0	1211	1750	1191	1226
0	Den	O	O	-	0	1211	1750	1191	1226
1	Vorsitz	O	O	-	0	1211	1750	1191	1226
2	führte	O	O	-	0	1211	1750	1191	1226
3	Finanzrat	O	O	-	0	1211	1750	1191	1226
4	Klüpfel	B-PER	O	-	0	1211	1749	1214	1251
5	vom	O	O	-	0	1211	1749	1214	1251
6	Direktorium	O	O	-	0	1211	1749	1214	1251
7	der	O	O	-	0	1211	1749	1214	1251
8	Firma	O	O	-	0	1211	1749	1214	1251
9	Fried	B-ORG	O	-	0	1211	1749	1214	1251
10	.	O	O	-	0	1211	1749	1214	1251
0	Krupp	B-ORG	O	-	0	1211	1749	1214	1251
1	in	O	O	-	0	1211	1749	1214	1251
2	Essen	B-LOC	O	-	0	1211	1749	1236	1271
3	.	O	O	-	0	1211	1749	1236	1271
0	Unter	O	O	-	0	1211	1749	1236	1271
1	den	O	O	-	0	1211	1749	1236	1271
2	Teilnehmern	O	O	-	0	1211	1749	1236	1271
3	befanden	O	O	-	0	1211	1749	1236	1271
4	sich	O	O	-	0	1211	1749	1236	1271
5	Land	O	O	-	0	1211	1749	1236	1271
6	-	O	O	-	0	1211	1749	1236	1271
7	tagsabgeordneter	O	O	-	0	1211	1749	1259	1295
8	,	O	O	-	0	1211	1749	1259	1295
9	Geh	O	O	-	0	1211	1749	1259	1295
10	.	O	O	-	0	1211	1749	1259	1295
11	Rat	O	O	-	0	1211	1749	1259	1295
12	.	O	O	-	0	1211	1749	1259	1295
13	v	O	O	-	0	1211	1749	1259	1295
14	.	O	O	-	0	1211	1749	1259	1295
15	Böttinger	B-PER	O	-	0	1211	1749	1259	1295
16	-	O	O	-	0	1211	1749	1259	1295
17	Elber	O	O	-	0	1211	1749	1259	1295
18	-	O	O	-	0	1211	1749	1259	1295
19	feld	O	O	-	0	1210	1750	1283	1318
20	als	O	O	-	0	1210	1750	1283	1318
21	Vorstandsmitglied	O	O	-	0	1210	1750	1283	1318
22	obiger	O	O	-	0	1210	1750	1283	1318
23	Kasse	O	O	-	0	1210	1750	1283	1318
24	,	O	O	-	0	1210	1750	1283	1318
25	General	O	O	-	0	1210	1750	1283	1318
26	-	O	O	-	0	1210	1750	1283	1318
27	sekretär	O	O	-	0	1210	1750	1307	1341
28	Bueck	B-PER	O	-	0	1210	1750	1307	1341
29	-	O	O	-	0	1210	1750	1307	1341
30	Berlin	O	O	-	0	1210	1750	1307	1341
31	vom	O	O	-	0	1210	1750	1307	1341
32	Centralverband	B-ORG	O	-	0	1210	1750	1307	1341
33	deut	I-ORG	O	-	0	1210	1750	1307	1341
34	-	O	O	-	0	1210	1750	1307	1341
35	scher	O	O	-	0	1210	1751	1329	1365
36	Industrieller	O	O	-	0	1210	1751	1329	1365
37	,	O	O	-	0	1210	1751	1329	1365
38	Kommerzienrat	O	O	-	0	1210	1751	1329	1365
39	Semlinger	B-PER	O	-	0	1210	1751	1329	1365
40	-	O	O	-	0	1210	1751	1329	1365
41	Bamberg	O	O	-	0	1211	1751	1353	1388
42	,	O	O	-	0	1211	1751	1353	1388
43	Vorsitzender	O	O	-	0	1211	1751	1353	1388
44	des	O	O	-	0	1211	1751	1353	1388
45	Verbandes	O	O	-	0	1211	1751	1353	1388
46	süddeut	O	O	-	0	1211	1751	1353	1388
47	-	O	O	-	0	1211	1751	1353	1388
48	scher	O	O	-	0	1213	1751	1376	1412
49	Baumvollindustrieller	O	O	-	0	1213	1751	1376	1412
50	und	O	O	-	0	1213	1751	1376	1412
51	viele	O	O	-	0	1213	1751	1376	1412
52	andere	O	O	-	0	1213	1751	1376	1412
53	Ver	O	O	-	0	1213	1751	1376	1412
54	-	O	O	-	0	1213	1751	1376	1412
55	treter	O	O	-	0	1213	1753	1400	1433
56	grosser	O	O	-	0	1213	1753	1400	1433
57	wirtschaftlicher	O	O	-	0	1213	1753	1400	1433
58	Körperschaften	O	O	-	0	1213	1753	1400	1433
59	aus	O	O	-	0	1213	1753	1400	1433
60	allen	O	O	-	0	1213	1753	1422	1456
61	Teilen	O	O	-	0	1213	1753	1422	1456
62	Deutschlands	B-LOC	O	-	0	1213	1753	1422	1456
63	nebenden	O	O	-	0	1213	1753	1422	1456
64	Abgesandten	O	O	-	0	1213	1753	1422	1456
65	der	O	O	-	0	1213	1753	1422	1456
66	Krankenkassen	O	O	-	0	1213	1753	1446	1481
67	hervorragender	O	O	-	0	1213	1753	1446	1481
68	Industriebetriebe	O	O	-	0	1213	1753	1446	1481
69	.	O	O	-	0	1213	1753	1446	1481
70	wie	O	O	-	0	1214	1754	1469	1504
71	Vulcan	B-ORG	O	-	0	1214	1754	1469	1504
72	-	O	O	-	0	1214	1754	1469	1504
73	Stettin	O	O	-	0	1214	1754	1469	1504
74	,	O	O	-	0	1214	1754	1469	1504
75	Ver	O	O	-	0	1214	1754	1469	1504
76	.	O	O	-	0	1214	1754	1469	1504
0	Königs	B-ORG	O	-	0	1214	1754	1469	1504
1	-	O	O	-	0	1214	1754	1469	1504
2	und	B-ORG	O	-	0	1214	1754	1469	1504
3	Laurahütte	I-ORG	O	-	0	1214	1754	1469	1504
4	Oberschlesien	B-LOC	O	-	0	1213	1753	1492	1527
5	,	O	O	-	0	1213	1753	1492	1527
6	verschiedener	O	O	-	0	1213	1753	1492	1527
7	grosser	O	O	-	0	1213	1753	1492	1527
8	Betriebs	O	O	-	0	1213	1753	1492	1527
9	-	O	O	-	0	1213	1753	1492	1527
10	krankenkassengruppen	O	O	-	0	1213	1753	1515	1552
11	in	O	O	-	0	1213	1753	1515	1552
12	Berlin	B-LOC	O	-	0	1213	1753	1515	1552
13	,	O	O	-	0	1213	1753	1515	1552
14	Hannover	B-LOC	O	-	0	1213	1753	1515	1552
15	,	O	O	-	0	1213	1753	1515	1552
16	Dresden	B-LOC	O	-	0	1213	1753	1538	1575
17	,	O	O	-	0	1213	1753	1538	1575
18	Hamburg	B-LOC	O	-	0	1213	1753	1538	1575
19	u	O	O	-	0	1213	1753	1538	1575
20	.	O	O	-	0	1213	1753	1538	1575
21	s	O	O	-	0	1213	1753	1538	1575
22	.	O	O	-	0	1213	1753	1538	1575
23	f	O	O	-	0	1213	1753	1538	1575
24	.	O	O	-	0	1213	1753	1538	1575
25	Aus	O	O	-	0	1213	1753	1538	1575
26	Rheinland	B-LOC	O	-	0	1213	1753	1538	1575
27	West	O	O	-	0	1213	1753	1538	1575
28	-	O	O	-	0	1213	1753	1538	1575
29	falen	O	O	-	0	1213	1753	1562	1598
30	hatte	O	O	-	0	1213	1753	1562	1598
31	eine	O	O	-	0	1213	1753	1562	1598
32	ganze	O	O	-	0	1213	1753	1562	1598
33	Anzahl	O	O	-	0	1213	1753	1562	1598
34	von	O	O	-	0	1213	1753	1562	1598
35	Betriebs	O	O	-	0	1213	1753	1562	1598
36	-	O	O	-	0	1213	1753	1562	1598
37	krankenkassen	O	O	-	0	1213	1754	1584	1621
38	,	O	O	-	0	1213	1754	1584	1621
39	die	O	O	-	0	1213	1754	1584	1621
40	dem	O	O	-	0	1213	1754	1584	1621
41	rheinisch	B-LOC	O	-	0	1213	1754	1584	1621
42	-	O	O	-	0	1213	1754	1584	1621
43	westfälischen	O	O	-	0	1213	1754	1584	1621
44	Verbande	O	O	-	0	1214	1754	1608	1642
45	angehören	O	O	-	0	1214	1754	1608	1642
46	,	O	O	-	0	1214	1754	1608	1642
47	die	O	O	-	0	1214	1754	1608	1642
48	Versammlung	O	O	-	0	1214	1754	1608	1642
49	be	O	O	-	0	1214	1754	1608	1642
50	-	O	O	-	0	1214	1754	1608	1642
51	schickt	O	O	-	0	1214	1755	1631	1666
52	und	O	O	-	0	1214	1755	1631	1666
53	dadurch	O	O	-	0	1214	1755	1631	1666
54	ihre	O	O	-	0	1214	1755	1631	1666
55	grosse	O	O	-	0	1214	1755	1631	1666
56	Teilnahme	O	O	-	0	1214	1755	1631	1666
57	für	O	O	-	0	1214	1755	1631	1666
58	die	O	O	-	0	1214	1754	1654	1689
59	zur	O	O	-	0	1214	1754	1654	1689
60	Verhandlung	O	O	-	0	1214	1754	1654	1689
61	stehende	O	O	-	0	1214	1754	1654	1689
62	Frage	O	O	-	0	1214	1754	1654	1689
63	betätigt	O	O	-	0	1214	1754	1654	1689
64	.	O	O	-	0	1214	1754	1654	1689
0	Nach	O	O	-	0	1214	1755	1678	1713
1	mehrstündigen	O	O	-	0	1214	1755	1678	1713
2	Verhandlungen	O	O	-	0	1214	1755	1678	1713
3	,	O	O	-	0	1214	1755	1678	1713
4	in	O	O	-	0	1214	1755	1678	1713
5	denen	O	O	-	0	1214	1755	1678	1713
6	sich	O	O	-	0	1214	1755	1678	1713
7	eine	O	O	-	0	1214	1755	1702	1736
8	völlige	O	O	-	0	1214	1755	1702	1736
9	Uebereinstimmung	O	O	-	0	1214	1755	1702	1736
10	über	O	O	-	0	1214	1755	1702	1736
11	das	O	O	-	0	1214	1755	1702	1736
12	gemein	O	O	-	0	1214	1755	1702	1736
13	-	O	O	-	0	1214	1755	1702	1736
14	same	O	O	-	0	1216	1756	1722	1759
15	Ziel	O	O	-	0	1216	1756	1722	1759
16	bekundete	O	O	-	0	1216	1756	1722	1759
17	,	O	O	-	0	1216	1756	1722	1759
18	erklärte	O	O	-	0	1216	1756	1722	1759
19	sich	O	O	-	0	1216	1756	1722	1759
20	die	O	O	-	0	1216	1756	1722	1759
21	aus	O	O	-	0	1216	1756	1722	1759
22	125	O	O	-	0	1216	1756	1722	1759
23	Teilnehmern	O	O	-	0	1216	1756	1746	1781
24	bestehende	O	O	-	0	1216	1756	1746	1781
25	Versammlung	O	O	-	0	1216	1756	1746	1781
26	einstimmig	O	O	-	0	1216	1756	1746	1781
27	für	O	O	-	0	1216	1756	1770	1805
28	die	O	O	-	0	1216	1756	1770	1805
29	Errichtung	O	O	-	0	1216	1756	1770	1805
30	eines	O	O	-	0	1216	1756	1770	1805
31	Verbandes	B-ORG	O	-	0	1216	1756	1770	1805
32	deutscher	I-ORG	O	-	0	1216	1756	1793	1828
33	Betriebskrankenkassen	I-ORG	O	-	0	1216	1756	1793	1828
34	und	O	O	-	0	1216	1756	1793	1828
35	beauftragte	O	O	-	0	1216	1756	1817	1855
36	einen	O	O	-	0	1216	1756	1817	1855
37	aus	O	O	-	0	1216	1756	1817	1855
38	9	O	O	-	0	1216	1756	1817	1855
39	Personen	O	O	-	0	1216	1756	1817	1855
40	bestehenden	O	O	-	0	1216	1756	1817	1855
41	engeren	O	O	-	0	1216	1756	1840	1875
42	Ausschuss	O	O	-	0	1216	1756	1840	1875
43	zur	O	O	-	0	1216	1756	1840	1875
44	Ausarbeitung	O	O	-	0	1216	1756	1840	1875
45	einer	O	O	-	0	1216	1756	1840	1875
46	Satzung	O	O	-	0	1216	1756	1864	1898
47	,	O	O	-	0	1216	1756	1864	1898
48	die	O	O	-	0	1216	1756	1864	1898
49	dann	O	O	-	0	1216	1756	1864	1898
50	einem	O	O	-	0	1216	1756	1864	1898
51	weiteren	O	O	-	0	1216	1756	1864	1898
52	Ausschuss	O	O	-	0	1216	1756	1864	1898
53	zur	O	O	-	0	1216	1756	1864	1898
54	endgültigen	O	O	-	0	1216	1755	1887	1923
55	Beschlussfassung	O	O	-	0	1216	1755	1887	1923
56	unterbreitet	O	O	-	0	1216	1755	1887	1923
57	wer	O	O	-	0	1216	1755	1887	1923
58	-	O	O	-	0	1216	1755	1887	1923
59	den	O	O	-	0	1216	1756	1910	1945
60	soll	O	O	-	0	1216	1756	1910	1945
61	,	O	O	-	0	1216	1756	1910	1945
62	um	O	O	-	0	1216	1756	1910	1945
63	den	O	O	-	0	1216	1756	1910	1945
64	Industriellen	O	O	-	0	1216	1756	1910	1945
65	mit	O	O	-	0	1216	1756	1910	1945
66	der	O	O	-	0	1216	1756	1910	1945
67	Auf	O	O	-	0	1216	1756	1910	1945
68	-	O	O	-	0	1216	1756	1910	1945
69	forderung	O	O	-	0	1216	1756	1932	1967
70	zum	O	O	-	0	1216	1756	1932	1967
71	Beitritt	O	O	-	0	1216	1756	1932	1967
72	zu	O	O	-	0	1216	1756	1932	1967
73	dem	O	O	-	0	1216	1756	1932	1967
74	so	O	O	-	0	1216	1756	1932	1967
75	geschaffenen	O	O	-	0	1216	1756	1932	1967
76	Verbande	O	O	-	0	1216	1757	1956	1990
77	zuzugehen	O	O	-	0	1216	1757	1956	1990
78	.	O	O	-	0	1216	1757	1956	1990
0	In	O	O	-	0	1216	1757	1956	1990
1	den	O	O	-	0	1216	1757	1956	1990
2	engeren	O	O	-	0	1216	1757	1956	1990
3	Ausschuss	O	O	-	0	1216	1757	1956	1990
4	wurden	O	O	-	0	1216	1757	1979	2015
5	gewählt	O	O	-	0	1216	1757	1979	2015
6	drei	O	O	-	0	1216	1757	1979	2015
7	Vorstandsmitglieder	O	O	-	0	1216	1757	1979	2015
8	des	O	O	-	0	1216	1757	1979	2015
9	rheinisch	B-LOC	O	-	0	1216	1759	2003	2038
10	-	O	O	-	0	1216	1759	2003	2038
11	westfälischen	O	O	-	0	1216	1759	2003	2038
12	Verbandes	O	O	-	0	1216	1759	2003	2038
13	und	O	O	-	0	1216	1759	2003	2038
14	je	O	O	-	0	1216	1759	2003	2038
15	ein	O	O	-	0	1216	1759	2003	2038
16	Vertreter	O	O	-	0	1217	1757	2025	2060
17	von	O	O	-	0	1217	1757	2025	2060
18	Hamburg	B-LOC	O	-	0	1217	1757	2025	2060
19	.	O	O	-	0	1217	1757	2025	2060
0	Oberschlesien	B-LOC	O	-	0	1217	1757	2025	2060
1	,	O	O	-	0	1217	1757	2025	2060
2	Süd	B-LOC	O	-	0	1217	1757	2025	2060
3	-	O	O	-	0	1217	1757	2025	2060
4	deutschland	O	O	-	0	1216	1757	2050	2083
5	und	O	O	-	0	1216	1757	2050	2083
6	Hessen	B-LOC	O	-	0	1216	1757	2050	2083
7	-	O	O	-	0	1216	1757	2050	2083
8	Nassau	O	O	-	0	1216	1757	2050	2083
9	,	O	O	-	0	1216	1757	2050	2083
10	während	O	O	-	0	1216	1757	2050	2083
11	je	O	O	-	0	1216	1757	2050	2083
12	eine	O	O	-	0	1216	1757	2050	2083
13	Stelle	O	O	-	0	1216	1759	2073	2107
14	für	O	O	-	0	1216	1759	2073	2107
15	die	O	O	-	0	1216	1759	2073	2107
16	Vertretung	O	O	-	0	1216	1759	2073	2107
17	Mitteldeutschlands	B-LOC	O	-	0	1216	1759	2073	2107
18	und	O	O	-	0	1216	1759	2073	2107
19	der	O	O	-	0	1216	1759	2096	2129
20	Reichshauptstadt	O	O	-	0	1216	1759	2096	2129
21	offengehalten	O	O	-	0	1216	1759	2096	2129
22	wurde	O	O	-	0	1216	1759	2096	2129
23	.	O	O	-	0	1216	1759	2096	2129
0	In	O	O	-	0	1216	1759	2096	2129
1	den	O	O	-	0	1216	1759	2117	2153
2	Hauptausschuss	O	O	-	0	1216	1759	2117	2153
3	sollen	O	O	-	0	1216	1759	2117	2153
4	30	O	O	-	0	1216	1759	2117	2153
5	—	O	O	-	0	1216	1759	2117	2153
6	40	O	O	-	0	1216	1759	2117	2153
7	Vertreter	O	O	-	0	1216	1759	2117	2153
8	der	O	O	-	0	1216	1759	2117	2153
9	be	O	O	-	0	1216	1759	2117	2153
10	-	O	O	-	0	1216	1759	2117	2153
11	teiligten	O	O	-	0	1216	1760	2142	2179
12	Kreise	O	O	-	0	1216	1760	2142	2179
13	berufen	O	O	-	0	1216	1760	2142	2179
14	werden	O	O	-	0	1216	1760	2142	2179
15	,	O	O	-	0	1216	1760	2142	2179
16	nämlich	O	O	-	0	1216	1760	2142	2179
17	ausser	O	O	-	0	1216	1760	2142	2179
18	den	O	O	-	0	1218	1760	2165	2200
19	vorbezeichneten	O	O	-	0	1218	1760	2165	2200
20	neun	O	O	-	0	1218	1760	2165	2200
21	noch	O	O	-	0	1218	1760	2165	2200
22	Mitglieder	O	O	-	0	1218	1760	2165	2200
23	aus	O	O	-	0	1218	1760	2165	2200
24	den	O	O	-	0	1218	1760	2189	2223
25	verschiedensten	O	O	-	0	1218	1760	2189	2223
26	Bezirken	O	O	-	0	1218	1760	2189	2223
27	und	O	O	-	0	1218	1760	2189	2223
28	Industrien	O	O	-	0	1218	1760	2189	2223
29	Deutschlands	B-LOC	O	-	0	1218	1760	2212	2246
30	.	O	O	-	0	1218	1760	2212	2246
0	Grossen	O	O	-	0	1218	1760	2212	2246
1	und	O	O	-	0	1218	1760	2212	2246
2	verdienten	O	O	-	0	1218	1760	2212	2246
3	Beifall	O	O	-	0	1218	1760	2212	2246
4	fand	O	O	-	0	1218	1761	2236	2270
5	der	O	O	-	0	1218	1761	2236	2270
6	von	O	O	-	0	1218	1761	2236	2270
7	dem	O	O	-	0	1218	1761	2236	2270
8	Leiter	O	O	-	0	1218	1761	2236	2270
9	der	O	O	-	0	1218	1761	2236	2270
10	Versammlung	O	O	-	0	1218	1761	2236	2270
11	erstattete	O	O	-	0	1218	1760	2258	2293
12	eingehende	O	O	-	0	1218	1760	2258	2293
13	Bericht	O	O	-	0	1218	1760	2258	2293
14	über	O	O	-	0	1218	1760	2258	2293
15	die	O	O	-	0	1218	1760	2258	2293
16	Notwendig	O	O	-	0	1218	1760	2258	2293
17	-	O	O	-	0	1218	1760	2258	2293
18	keit	O	O	-	0	1218	1761	2282	2315
19	eines	O	O	-	0	1218	1761	2282	2315
20	Zusammenschlusses	O	O	-	0	1218	1761	2282	2315
21	der	O	O	-	0	1218	1761	2282	2315
22	Inhaber	O	O	-	0	1218	1761	2282	2315
23	von	O	O	-	0	1218	1761	2282	2315
24	Betriebskrankenkassen	O	O	-	0	1218	1759	2304	2339
25	zur	O	O	-	0	1218	1759	2304	2339
26	wirksamen	O	O	-	0	1218	1759	2304	2339
27	Geltend	O	O	-	0	1218	1759	2304	2339
28	-	O	O	-	0	1218	1759	2304	2339
29	machung	O	O	-	0	1218	1760	2327	2365
30	ihres	O	O	-	0	1218	1760	2327	2365
31	Standpunktes	O	O	-	0	1218	1760	2327	2365
32	gegenüber	O	O	-	0	1218	1760	2327	2365
33	den	O	O	-	0	1218	1760	2327	2365
34	gesetzgebenden	O	O	-	0	1218	1761	2352	2389
35	Körperschaften	O	O	-	0	1218	1761	2352	2389
36	und	O	O	-	0	1218	1761	2352	2389
37	in	O	O	-	0	1218	1761	2352	2389
38	der	O	O	-	0	1218	1761	2352	2389
39	Oeffentlichkeit	O	O	-	0	1218	1761	2374	2409
40	,	O	O	-	0	1218	1761	2374	2409
41	die	O	O	-	0	1218	1761	2374	2409
42	vielfach	O	O	-	0	1218	1761	2374	2409
43	durch	O	O	-	0	1218	1761	2374	2409
44	einseitige	O	O	-	0	1218	1761	2374	2409
45	und	O	O	-	0	1218	1761	2398	2432
46	vorurteilsvolle	O	O	-	0	1218	1761	2398	2432
47	Darstellungen	O	O	-	0	1218	1761	2398	2432
48	,	O	O	-	0	1218	1761	2398	2432
49	betreffend	O	O	-	0	1218	1761	2398	2432
50	eine	O	O	-	0	1218	1760	2421	2456
51	Reform	O	O	-	0	1218	1760	2421	2456
52	des	O	O	-	0	1218	1760	2421	2456
53	Krankenkassenwesens	O	O	-	0	1218	1760	2421	2456
54	,	O	O	-	0	1218	1760	2421	2456
55	be	O	O	-	0	1218	1760	2421	2456
56	-	O	O	-	0	1218	1760	2421	2456
57	einflusst	O	O	-	0	1218	1761	2445	2480
58	sei	O	O	-	0	1218	1761	2445	2480
59	.	O	O	-	0	1218	1761	2445	2480
0	Die	O	O	-	0	1218	1761	2445	2480
1	grossen	O	O	-	0	1218	1761	2445	2480
2	Leistungen	O	O	-	0	1218	1761	2445	2480
3	und	O	O	-	0	1218	1761	2445	2480
4	der	O	O	-	0	1218	1761	2468	2501
5	gute	O	O	-	0	1218	1761	2468	2501
6	Stand	O	O	-	0	1218	1761	2468	2501
7	der	O	O	-	0	1218	1761	2468	2501
8	Betriebskrankenkassen	O	O	-	0	1218	1761	2468	2501
9	und	O	O	-	0	1220	1761	2490	2527
10	ihre	O	O	-	0	1220	1761	2490	2527
11	Ueberlegenheit	O	O	-	0	1220	1761	2490	2527
12	in	O	O	-	0	1220	1761	2490	2527
13	dieser	O	O	-	0	1220	1761	2490	2527
14	Beziehung	O	O	-	0	1220	1761	2490	2527
15	wurde	O	O	-	0	1218	1761	2514	2549
16	ziffermässig	O	O	-	0	1218	1761	2514	2549
17	dargetan	O	O	-	0	1218	1761	2514	2549
18	und	O	O	-	0	1218	1761	2514	2549
19	der	O	O	-	0	1218	1761	2514	2549
20	Nachweis	O	O	-	0	1218	1761	2514	2549
21	geliefert	O	O	-	0	1218	1761	2538	2573
22	,	O	O	-	0	1218	1761	2538	2573
23	dass	O	O	-	0	1218	1761	2538	2573
24	das	O	O	-	0	1218	1761	2538	2573
25	selbständige	O	O	-	0	1218	1761	2538	2573
26	Fortbestehen	O	O	-	0	1218	1761	2538	2573
27	dieser	O	O	-	0	1218	1761	2538	2573
28	Kassen	O	O	-	0	1218	1760	2562	2596
29	in	O	O	-	0	1218	1760	2562	2596
30	jeder	O	O	-	0	1218	1760	2562	2596
31	Beziehung	O	O	-	0	1218	1760	2562	2596
32	eine	O	O	-	0	1218	1760	2562	2596
33	berechtigte	O	O	-	0	1218	1760	2562	2596
34	wirt	O	O	-	0	1218	1760	2562	2596
35	-	O	O	-	0	1218	1760	2562	2596
36	schaftliche	O	O	-	0	1218	1760	2585	2620
37	Forderung	O	O	-	0	1218	1760	2585	2620
38	ist	O	O	-	0	1218	1760	2585	2620
39	,	O	O	-	0	1218	1760	2585	2620
40	da	O	O	-	0	1218	1760	2585	2620
41	sie	O	O	-	0	1218	1760	2585	2620
42	,	O	O	-	0	1218	1760	2585	2620
43	amtlichen	O	O	-	0	1218	1760	2585	2620
44	Aus	O	O	-	0	1218	1760	2585	2620
45	-	O	O	-	0	1218	1760	2585	2620
46	weisen	O	O	-	0	1221	1761	2609	2643
47	zufolge	O	O	-	0	1221	1761	2609	2643
48	—	O	O	-	0	1221	1761	2609	2643
49	und	O	O	-	0	1221	1761	2609	2643
50	zwar	O	O	-	0	1221	1761	2609	2643
51	dank	O	O	-	0	1221	1761	2609	2643
52	der	O	O	-	0	1221	1761	2609	2643
53	Opfer	O	O	-	0	1221	1761	2609	2643
54	-	O	O	-	0	1221	1761	2609	2643
55	willigkeit	O	O	-	0	1220	1761	2631	2666
56	und	O	O	-	0	1220	1761	2631	2666
57	der	O	O	-	0	1220	1761	2631	2666
58	Fürsorge	O	O	-	0	1220	1761	2631	2666
59	der	O	O	-	0	1220	1761	2631	2666
60	Kassen	O	O	-	0	1220	1761	2631	2666
61	-	O	O	-	0	1220	1761	2631	2666
62	den	O	O	-	0	1372	1760	2655	2687
63	Krankenversicherten	O	O	-	0	1372	1760	2655	2687
64	durch	O	O	-	0	1372	1760	2655	2687
65	-	O	O	-	0	1372	1760	2655	2687
66	inhaber	O	O	-	0	1220	1379	2656	2689
67	—	O	O	-	0	1220	1379	2656	2689
68	schnittlich	O	O	-	0	1221	1761	2678	2711
69	erheblich	O	O	-	0	1221	1761	2678	2711
70	mehr	O	O	-	0	1221	1761	2678	2711
71	leisten	O	O	-	0	1221	1761	2678	2711
72	und	O	O	-	0	1221	1761	2678	2711
73	bedeutend	O	O	-	0	1221	1761	2678	2711
74	weniger	O	O	-	0	1221	1761	2702	2735
75	kosten	O	O	-	0	1221	1761	2702	2735
76	,	O	O	-	0	1221	1761	2702	2735
77	als	O	O	-	0	1221	1761	2702	2735
78	die	O	O	-	0	1221	1761	2702	2735
79	Ortskrankenkassen	B-ORG	O	-	0	1221	1761	2702	2735
80	.	O	O	-	0	1221	1761	2702	2735
0	Der	O	O	-	0	1221	1761	2702	2735
1	vortreffliche	O	O	-	0	1220	1761	2726	2759
2	Bericht	O	O	-	0	1220	1761	2726	2759
3	,	O	O	-	0	1220	1761	2726	2759
4	der	O	O	-	0	1220	1761	2726	2759
5	auf	O	O	-	0	1220	1761	2726	2759
6	einmütigen	O	O	-	0	1220	1761	2726	2759
7	Wunsch	O	O	-	0	1220	1761	2726	2759
8	der	O	O	-	0	1220	1761	2748	2782
9	Versammlung	O	O	-	0	1220	1761	2748	2782
10	demnächst	O	O	-	0	1220	1761	2748	2782
11	der	O	O	-	0	1220	1761	2748	2782
12	weitesten	O	O	-	0	1220	1761	2748	2782
13	Oeffent	O	O	-	0	1220	1761	2748	2782
14	-	O	O	-	0	1220	1761	2748	2782
15	lichkeit	O	O	-	0	1218	1762	2772	2806
16	zugänglich	O	O	-	0	1218	1762	2772	2806
17	gemacht	O	O	-	0	1218	1762	2772	2806
18	werden	O	O	-	0	1218	1762	2772	2806
19	soll	O	O	-	0	1218	1762	2772	2806
20	,	O	O	-	0	1218	1762	2772	2806
21	wird	O	O	-	0	1218	1762	2772	2806
22	jeden	O	O	-	0	1221	1762	2795	2830
23	,	O	O	-	0	1221	1762	2795	2830
24	der	O	O	-	0	1221	1762	2795	2830
25	sich	O	O	-	0	1221	1762	2795	2830
26	über	O	O	-	0	1221	1762	2795	2830
27	die	O	O	-	0	1221	1762	2795	2830
28	11	O	O	-	0	1221	1762	2795	2830
29	2	O	O	-	0	1221	1762	2795	2830
30	Millionen	O	O	-	0	1221	1762	2795	2830
31	Arbeiter	O	O	-	0	1221	1762	2795	2830
32	angehende	O	O	-	0	1220	1763	2819	2853
33	Krankenversicherung	O	O	-	0	1220	1763	2819	2853
34	ein	O	O	-	0	1220	1763	2819	2853
35	zutreffendes	O	O	-	0	1220	1763	2819	2853
36	Bild	O	O	-	0	1221	1729	2842	2877
37	machen	O	O	-	0	1221	1729	2842	2877
38	will	O	O	-	0	1221	1729	2842	2877
39	,	O	O	-	0	1221	1729	2842	2877
40	hierzu	O	O	-	0	1221	1729	2842	2877
41	in	O	O	-	0	1221	1729	2842	2877
42	den	O	O	-	0	1221	1729	2842	2877
43	Stand	O	O	-	0	1221	1729	2842	2877
44	setzen	O	O	-	0	1221	1729	2842	2877
45	.	O	O	-	0	1221	1729	2842	2877
0	Literarisches	O	O	-	0	1395	1586	2914	2952
1	.	O	O	-	0	1395	1586	2914	2952
2	—	O	O	-	0	1246	1282	2952	2978
3	*	O	O	-	0	1246	1282	2952	2978
4	Deutsche	B-ORG	O	-	0	1277	1762	2946	2984
5	Juristen	I-ORG	O	-	0	1277	1762	2946	2984
6	-	O	O	-	0	1277	1762	2946	2984
7	Zeitung	O	O	-	0	1277	1762	2946	2984
8	.	O	O	-	0	1277	1762	2946	2984
9	12	O	O	-	0	1277	1762	2946	2984
10	.	O	O	-	0	1277	1762	2946	2984
11	Jahrgang	O	O	-	0	1277	1762	2946	2984
12	.	O	O	-	0	1277	1762	2946	2984
0	In	O	O	-	0	1277	1762	2946	2984
1	-	O	O	-	0	1277	1762	2946	2984
2	halt	O	O	-	0	1221	1762	2969	3009
3	des	O	O	-	0	1221	1762	2969	3009
4	13	O	O	-	0	1221	1762	2969	3009
5	.	O	O	-	0	1221	1762	2969	3009
6	Heftes	O	O	-	0	1221	1762	2969	3009
7	.	O	O	-	0	1221	1762	2969	3009
0	V	B-PER	O	-	0	1221	1762	2969	3009
1	.	O	O	-	0	1221	1762	2969	3009
2	Tuhr	B-PER	O	-	0	1221	1762	2969	3009
3	,	O	O	-	0	1221	1762	2969	3009
4	Dr	O	O	-	0	1221	1762	2969	3009
5	.	O	O	-	0	1221	1762	2969	3009
6	,	O	O	-	0	1221	1762	2969	3009
7	Professor	O	O	-	0	1221	1762	2969	3009
8	,	O	O	-	0	1221	1762	2969	3009
9	Zur	O	O	-	0	1221	1757	2994	3034
10	Auflösung	O	O	-	0	1221	1757	2994	3034
11	der	O	O	-	0	1221	1757	2994	3034
12	Duma	B-ORG	O	-	0	1221	1757	2994	3034
13	.	O	O	-	0	1221	1757	2994	3034
0	Fleischmann	B-PER	O	-	0	1221	1757	2994	3034
1	,	O	O	-	0	1221	1757	2994	3034
2	Dr	O	O	-	0	1221	1757	2994	3034
3	.	O	O	-	0	1221	1757	2994	3034
